1,Number,Infraorder,Superfamily,Family,Genus,Binomial Species,First Described,dipliod autosome count,SCS,,notes,m-chromosomes,Country,References
2,1,Anisozygoptera,Epiophlebioidea,Epiophlebiidae,Epiophlebia,Epiophlebia superstes," Selys, 1889",24,XO,,,–,Japan,Oguma 1951
3,2,Anisoptera,Aeshnoidea,Aeshnidae,Aeshna,Aeshna caerulea,"Ström, 1783",22,XY,,,–,Finland,Oksala 1943
4,3,Anisoptera,Aeshnoidea,Aeshnidae,Aeshna,Aeshna canadensis,"Walker, 1908",26,XO,,,+,USA,Cruden 1968
5,4,Anisoptera,Aeshnoidea,Aeshnidae,Aeshna,Aeshna clepsydra,"Say, 1839",26,XO,,,+,USA,Hung 1971
6,5,Anisoptera,Aeshnoidea,Aeshnidae,Aeshna,Aeshna crenata,"Hagen, 1856",26,XO,,,+,Finland,"Oksala 1939a, 1943, 1944, 1952"
7,6,Anisoptera,Aeshnoidea,Aeshnidae,Aeshna,Aeshna cyanea,"Müller, 1764",26,XO,,,+,Finland,Oksala 1943
8,7,Anisoptera,Aeshnoidea,Aeshnidae,Aeshna,Aeshna grandis,"Linnaeus, 1758",26,XO,,,+,Former USSR,Fuchsówna and Sawczyńska 1928
9,,Anisoptera,Aeshnoidea,Aeshnidae,Aeshna,Aeshna grandis,"Linnaeus, 1759",24,XO,,,+,Former USSR,Makalowskaja 1940
10,,Anisoptera,Aeshnoidea,Aeshnidae,Aeshna,Aeshna grandis,"Linnaeus, 1760",24,XY,,,+,Finland,"Oksala 1939a, 1943, 1944, 1945"
12,8,Anisoptera,Aeshnoidea,Aeshnidae,Aeshna,Aeshna isoceles,"Müller, 1767",26,XO,,,–,USA,"Kiauta 1978 as Anaciaeschna isosceles (Müller, 1767)"
13,,Anisoptera,Aeshnoidea,Aeshnidae,Aeshna,Aeshna isoceles,"Müller, 1768",24,XO,,,+,Russia,Kuznetsova et al. 2020b
14,9,Anisoptera,Aeshnoidea,Aeshnidae,Aeshna,Aeshna juncea,"Linnaeus, 1758",24,XY,,,+,Finland,"Oksala 1939a, 1943, 1944"
15,,Anisoptera,Aeshnoidea,Aeshnidae,Aeshna,Aeshna juncea,"Linnaeus, 1759",26,XO,,,+,Italy,Kiauta 1971a
17,10,Anisoptera,Aeshnoidea,Aeshnidae,Aeshna,Aeshna mixta,"Latreille, 1805",26,XO,,,+,Netherlands,Kiauta 1969a
18,,Anisoptera,Aeshnoidea,Aeshnidae,Aeshna,Aeshna mixta,"Latreille, 1806",24,XO,,,+,India,Sandhu and Malhotra 1994a
20,11,Anisoptera,Aeshnoidea,Aeshnidae,Aeshna,Aeshna nigroflava,"Martin, 1909",26,XO,,,+,Japan,Katatani 1987
21,12,Anisoptera,Aeshnoidea,Aeshnidae,Aeshna,Aeshna palmata,"Hagen, 1856",26,XO,,,+,USA,Cruden 1968
22,13,Anisoptera,Aeshnoidea,Aeshnidae,Aeshna,Aeshna serrata,"Hagen, 1856",24,XY,,,+,Finland,"Oksala 1943 as A. osiliensis Mierzejewski, 1913 and A. s. fennica Valle, 1938"
23,14,Anisoptera,Aeshnoidea,Aeshnidae,Aeshna,Aeshna subarctica,"Walker, 1908",26,XO,,,+,USA,"Oksala 1939a, 1943, 1952 as A. s. elisabethae Djakonov, 1922"
24,15,Anisoptera,Aeshnoidea,Aeshnidae,Aeshna,Aeshna umbrosa,"Walker, 1908",26,XO,,,+,USA,"Cruden 1968 as A. u. occidentalis Walker, 1908 and A. u. umbrosa Walker, 1908"
25,16,Anisoptera,Aeshnoidea,Aeshnidae,Aeshna,Aeshna verticalis,"Hagen, 1861",26,XO,,,+,USA,Hung 1971
26,17,Anisoptera,Aeshnoidea,Aeshnidae,Aeshna,Aeshna viridis,"Eversmann, 1836",24,XY,,,+,Finland,Oksala 1943
28,18,Anisoptera,Aeshnoidea,Aeshnidae,Aeshna,Aeshna walkeri,"Kennedy, 1917",26,XO,,,+,USA,Cruden 1968
29,19,Anisoptera,Aeshnoidea,Aeshnidae,Aeshna,Anaciaeschna jaspidea,"Burmeister, 1839",26,XO,,,+,India,Walia and Sandhu 1999
30,20,Anisoptera,Aeshnoidea,Aeshnidae,Aeshna,Anax amazili,"Burmeister, 1839",26,XO,,,–,Argentina,Capitulo et al. 1991
32,21,Anisoptera,Aeshnoidea,Aeshnidae,Anax,Anax concolor,"Brauer, 1865",26,XO,,,+,Surinam,Kiauta 1979a
33,22,Anisoptera,Aeshnoidea,Aeshnidae,Anax,Anax ephippiger,"Burmeister, 1839",12,XO,,,+,India,"Seshachar and Bagga 1962 as Hemianax ephippiger (Burmeister, 1839)"
34,,Anisoptera,Aeshnoidea,Aeshnidae,Anax,Anax ephippiger,"Burmeister, 1840",12,XY,,,+,India,Kiauta 1969a as H. ephippiger
35,23,Anisoptera,Aeshnoidea,Aeshnidae,Anax,Anax guttatus,"Burmeister, 1839",14,XO,,,+,Nepal,Kiauta and Kiauta 1982
36,24,Anisoptera,Aeshnoidea,Aeshnidae,Anax,Anax immaculifrons,"Rambur, 1842",26,XO,,,+,India,Sangal and Tyagi 1982
38,25,Anisoptera,Aeshnoidea,Aeshnidae,Anax,Anax imperator,"Leach, 1815",26,XO,,,+,France,"Kiauta 1965, 1969a"
41,26,Anisoptera,Aeshnoidea,Aeshnidae,Anax,Anax junius,"Drury, 1773",26,XO,,,+,USA,"McGill 1904, 1907"
46,27,Anisoptera,Aeshnoidea,Aeshnidae,Anax,Anax longipes,"Hagen, 1861",26,XO,,,+,USA,Cruden 1968
47,28,Anisoptera,Aeshnoidea,Aeshnidae,Anax,Anax nigrofasciatus,"Oguma, 1915",26,XO,,,+,Nepal,"Kiauta 1974, 1975 (A. n. nigrolineatus Fraser, 1935)"
48,,Anisoptera,Aeshnoidea,Aeshnidae,Anax,Anax nigrofasciatus,,24,XO,,,+,India,Sandhu and Malhotra 1994a (A. n. nigrolineatus)
51,29,Anisoptera,Aeshnoidea,Aeshnidae,Anax,Anax papuensis,"Burmeister, 1839",26,XO,,,+,Australia,"Kiauta 1968c, 1969a as Hemianax papuensis (Burmeister, 1839)"
52,30,Anisoptera,Aeshnoidea,Aeshnidae,Anax,Anax parthenope,"Selys, 1839",26,XO,,,+,Japan,"Omura 1957 as A. parthenope julius Brauer, 1865"
55,,Anisoptera,Aeshnoidea,Aeshnidae,Anax,Anax parthenope,,24,XO,,,+,Japan,Suzuki and Saitoh 1990 as A. p. julius
57,31,Anisoptera,Aeshnoidea,Aeshnidae,Andaeschna,Andaeschna unicolor,"Martin, 1908",26,XO,,,+,Bolivia,"Cumming 1964 as Aeshna cf. unicolor Martin, 1908"
58,32,Anisoptera,Aeshnoidea,Aeshnidae,Austroaeschna,Austroaeschna anacantha,"Tillyard, 1908",26,XO,,,+,Australia,"Kiauta 1968c as Acanthaeschna anacantha (Tillyard, 1908)"
59,33,Anisoptera,Aeshnoidea,Aeshnidae,Austroaeschna,Austroaeschna multipunctata,"Martin, 1901",26,XO,,,+,Australia,"Kiauta 1968c as Acanthaeschna multipunctata (Martin, 1901)"
60,34,Anisoptera,Aeshnoidea,Aeshnidae,Basiaeschna,Basiaeschna janata,"Say, 1939",24,XO,,,–,USA,Cruden 1968
61,35,Anisoptera,Aeshnoidea,Aeshnidae,Boyeria,Boyeria maclachlani,"Selys, 1883",26,XO,,,+,Japan,Omura 1957
62,36,Anisoptera,Aeshnoidea,Aeshnidae,Boyeria,Boyeria vinosa,"Say, 1839",26,XO,,,–,USA,Cruden 1968
63,37,Anisoptera,Aeshnoidea,Aeshnidae,Caliaeschna,Caliaeschna microstigma,"Schneider, 1845",14,XY,,,+,Greece,Kiauta 1972a
64,38,Anisoptera,Aeshnoidea,Aeshnidae,Castoraeschna,Castoraeschna castor,"Brauer, 1865",26,XO,,,+,Brazil,Kiauta 1972b
65,39,Anisoptera,Aeshnoidea,Aeshnidae,Cephalaeschna,Cephalaeschna orbifrons,"Selys, 1883",24,XO,,,+,Nepal,Kiauta 1975
66,40,Anisoptera,Aeshnoidea,Aeshnidae,Cephalaeschna,Cephalaeschna sp.,,24,XO,,,+,India,Sandhu and Malhotra 1994a
67,41,Anisoptera,Aeshnoidea,Aeshnidae,Coryphaeschna,Coryphaeschna adnexa,"Hagen, 1961",26,XO,,,–,Bolivia,Cumming 1964
68,42,Anisoptera,Aeshnoidea,Aeshnidae,Coryphaeschna,Coryphaeschna perrensi,"McLachlan, 1887",24,XO,,,–,Argentina,Capitulo et al. 1991
69,,Anisoptera,Aeshnoidea,Aeshnidae,Coryphaeschna,Coryphaeschna perrensi,,26,XO,,,+,Argentina,Mola et al. 1999
71,43,Anisoptera,Aeshnoidea,Aeshnidae,Coryphaeschna,Coryphaeschna viriditas,"Calvert, 1952",22,XO,,,+,Surinam,Kiauta 1979a
72,44,Anisoptera,Aeshnoidea,Aeshnidae,Gynacantha,Gynacantha bayadera,"Selys, 1891",24,XO,,,+,India,"Walia 2007 as G. milliardi Fraser, 1936"
73,,Anisoptera,Aeshnoidea,Aeshnidae,Gynacantha,Gynacantha bayadera,,26,XO,,,+,India,"Walia 2007 as G. milliardi Fraser, 1936"
74,45,Anisoptera,Aeshnoidea,Aeshnidae,Gynacantha,Gynacantha hyalina,"Selys, 1882",26,XX*,,,+,India,"Tyagi 1978a, b"
75,46,Anisoptera,Aeshnoidea,Aeshnidae,Gynacantha,Gynacantha interioris,"Williamson, 1923",24,XY,,,+,Surinam,Kiauta 1979a
77,47,Anisoptera,Aeshnoidea,Aeshnidae,Gynacantha,Gynacantha japonica,"Bartenev, 1909",26,XO,,,+,Japan,Omura 1957
78,48,Anisoptera,Aeshnoidea,Aeshnidae,Gynacanthaeschna,Gynacanthaeschna sikkima,"Karsch, 1891",26,XO,,,+,India,Walia et al. 2016
79,49,Anisoptera,Aeshnoidea,Aeshnidae,Oplonaeschna,Oplonaeschna armata,"Hagen, 1861",26,XO,,,+,Mexico,Kiauta 1970a
80,50,Anisoptera,Aeshnoidea,Aeshnidae,Planaeschna,Planaeschna milnei,"Selys, 1883",26,XO,,,+,Japan,"Kiauta 1968c, 1969a"
81,51,Anisoptera,Aeshnoidea,Aeshnidae,Remartinia,Remartinia luteipennis ,"Burmeister, 1839",24,XO,,,+,Surinam,"Kiauta 1979a as Coryphaeschna l. luteipennis Burmeister, 1839"
82,,Anisoptera,Aeshnoidea,Aeshnidae,Remartinia,Remartinia luteipennis ,,26,XO,,,+,Brazil,Ferreira et al. 1979 as C. l. luteipennis
83,52,Anisoptera,Aeshnoidea,Aeshnidae,Rhionaeschna,Rhionaeschna bonariensis,"Rambur, 1842",24,XY,,,+,"Argentina, Uruguay","Mola and Papeschi 1994 as Aeschna bonariensis Rambur, 1842"
85,53,Anisoptera,Aeshnoidea,Aeshnidae,Rhionaeschna,Rhionaeschna californica,"Calvert, 1895",26,XO,,,+,Canada,"Kiauta 1973a as Aeshna californica Calvert, 1895"
86,54,Anisoptera,Aeshnoidea,Aeshnidae,Rhionaeschna,Rhionaeschna confusa,"Rambur, 1842",26,XO,,,+,"Argentina, Uruguay","Mola and Papeschi 1994 as Aeshna confuse Rambur, 1842"
88,55,Anisoptera,Aeshnoidea,Aeshnidae,Rhionaeschna,Rhionaeschna diffinis,"Rambur, 1842",20,XO,,,+,Bolivia,"Cumming 1964 as Aeshna d. diffinis Rambur, 1842"
89,56,Anisoptera,Aeshnoidea,Aeshnidae,Rhionaeschna,Rhionaeschna intricata,"Martin, 1908",18,XO,,,+,Bolivia,"Cumming 1964 as Aeshna intricata Martin, 1908"
90,57,Anisoptera,Aeshnoidea,Aeshnidae,Rhionaeschna,Rhionaeschna peralta,"Ris, 1918",26,XO,,,+,Bolivia,"Cumming 1964 as Aeshna peralta Ris, 1918"
91,58,Anisoptera,Aeshnoidea,Aeshnidae,Rhionaeschna,Rhionaeschna planaltica,"Calvert, 1845",14,XY,,,+,Argentina,"Mola and Papeschi 1994 as Aeschna cornigera planaltica Calvert, 1952"
93,59,Anisoptera,Aeshnoidea,Aeshnidae,Staurophlebia,Staurophlebia reticulata,"Burmeister, 1839",26,XO,,,+,Brazil,"Souza Bueno 1982 (S. r. reticulata (Burmeister, 1839))"
94,60,Anisoptera,Petaluroidea,Petaluridae,Tachopteryx,Tachopteryx thoreyi,"Hagen, 1857",18,XO,,,+,USA,Cumming 1964
95,61,Anisoptera,Petaluroidea,Petaluridae,Tanypteryx,Tanypteryx hageni,"Selys, 1879",16,XO,,,+,USA,Cruden 1968
96,62,Anisoptera,Petaluroidea,Petaluridae,Tanypteryx,Tanypteryx sp.,"Selys, 1889",16,XO,,,+,Japan,"Kichijo 1939, 1942a"
97,63,Anisoptera,Petaluroidea,Petaluridae,Uropetala ,Uropetala carovei,"White, 1846",16,XO,,,+,New Zealand,Wolfe 1953
98,,Anisoptera,Petaluroidea,Petaluridae,Uropetala ,Uropetala carovei,,24,XO,,,+,New Zealand,Jensen and Mahanty 1978
100,64,Anisoptera,Gomphoidea,Gomphidae,Anisogomphus,Anisogomphus bivittatus,"Selys, 1854",22,XO,,,+,India,Das 1956
102,65,Anisoptera,Gomphoidea,Gomphidae,Anisogomphus,Anisogomphus occipitalis,"Selys, 1854",22,XO,,,–,Nepal,"Kiauta 1974, 1975"
103,66,Anisoptera,Gomphoidea,Gomphidae,Aphylla,Aphylla edentata,"Selys, 1869",22,XO,,,–,Bolivia,Cumming 1964
104,67,Anisoptera,Gomphoidea,Gomphidae,Aphylla,Aphylla producta,"Selys, 1854",22,XO,,,–,Bolivia,Cumming 1964
105,68,Anisoptera,Gomphoidea,Gomphidae,Aphylla,Aphylla theodorina,"Navas, 1933",22,XO,,,+,Surinam,Kiauta 1979a
107,69,Anisoptera,Gomphoidea,Gomphidae,Aphylla,Aphylla williamsoni,"Gloyd, 1936",22,XO,,,+,USA,Kiauta and Brink 1978
108,70,Anisoptera,Gomphoidea,Gomphidae,Aphylla,Aphylla sp.,,22,XO,,,+,Argentina,Mola 2007
109,71,Anisoptera,Gomphoidea,Gomphidae,Arigomphus,Arigomphus lentulus,"Needham, 1902",22,XO,,,–,USA,"Cruden 1968 as Gomphus lentulus Needham, 1902"
110,72,Anisoptera,Gomphoidea,Gomphidae,Arigomphus,Arigomphus pallidus,"Rambur, 1842",22,XO,,,–,USA,"Cumming 1964 as Gomphus pallidus Rambur, 1842"
111,73,Anisoptera,Gomphoidea,Gomphidae,Arigomphus,Arigomphus submedianus,"Williamson, 1914",22,XO,,,–,USA,"Cruden 1968 as Gomphus submedianus Williamson, 1914"
112,74,Anisoptera,Gomphoidea,Gomphidae,Asiagomphus,Asiagomphus melaenops,"Selys, 1854",22,XO,,,+,Japan,"Toyoshima and Hirai 1953 as Gomphus melaenops Selys, 1854"
115,75,Anisoptera,Gomphoidea,Gomphidae,Burmagomphus,Burmagomphus pyramidalis,"Laidlaw, 1922",22,XO,,,+,India,Tyagi 1977
116,76,Anisoptera,Gomphoidea,Gomphidae,Davidius,Davidius nanus,"Selys, 1869",22,XO,,,–,Japan,"Kichijo 1939, 1942a"
117,77,Anisoptera,Gomphoidea,Gomphidae,Dromogomphus,Dromogomphus spinosus,"Selys, 1854",22,XO,,,+,USA,Cruden 1968
118,78,Anisoptera,Gomphoidea,Gomphidae,Dromogomphus,Dromogomphus spoliatus,"Hagen, 1857",22,XO,,,+,USA,Cruden 1968
119,79,Anisoptera,Gomphoidea,Gomphidae,Epigomphus,Epigomphus llama,"Calvert, 1903",22,XO,,,–,Bolivia,Cumming 1964
120,80,Anisoptera,Gomphoidea,Gomphidae,Erpetogomphus,Erpetogomphus designatus,"Hagen, 1857",22,XO,,,+,USA,Cumming 1964
121,81,Anisoptera,Gomphoidea,Gomphidae,Erpetogomphus,Erpetogomphus diadophis,"Calvert, 1905",22,XO,,,–,USA,Cumming 1964
122,82,Anisoptera,Gomphoidea,Gomphidae,Erpetogomphus,Erpetogomphus ophibolus,"Calvert, 1905",22,XO,,,+,Mexico,Kiauta 1970a
123,83,Anisoptera,Gomphoidea,Gomphidae,Gomphoides,Gomphoides sp.,,22,XO,,,–,Bolivia,Cumming 1964
124,84,Anisoptera,Gomphoidea,Gomphidae,Gomphus,Gomphus confraternus,"Selys, 1873",22,XO,,,+,USA,Cruden 1968
125,85,Anisoptera,Gomphoidea,Gomphidae,Gomphus,Gomphus exilis,"Selys, 1854",22,XO,,,+,USA,Cruden 1968
127,86,Anisoptera,Gomphoidea,Gomphidae,Gomphus,Gomphus graslinii,"Rambur, 1842",10,XY,,,+,France,"Kiauta 1968d, 1969a"
128,87,Anisoptera,Gomphoidea,Gomphidae,Gomphus,Gomphus pulchellus,"Selys, 1840",22,XO,,,+,France,Kiauta 1973b
129,88,Anisoptera,Gomphoidea,Gomphidae,Gomphus,Gomphus vulgatissimus,"Linnaeus, 1758",22,XO,,,–,Russia,Perepelov et al. 2001
130,89,Anisoptera,Gomphoidea,Gomphidae,Ictinogomphus,Ictinogomphus rapax,"Rambur, 1942",22,XO,,,+,India,Asana and Makino 1935
135,90,Anisoptera,Gomphoidea,Gomphidae,Nepogomphus,Nepogomphus modestus,"Selys, 1878",22,XO,,,–,India,Walia et al. 2006
137,91,Anisoptera,Gomphoidea,Gomphidae,Nihonogomphus,Nihonogomphus ruptus,"Selys, 1858",22,XO,,,–,Russia,Perepelov et al. 2001
138,92,Anisoptera,Gomphoidea,Gomphidae,Nihonogomphus,Nihonogomphus viridis,"Oguma, 1926",22,XO,,,+,Japan,Omura 1957
139,93,Anisoptera,Gomphoidea,Gomphidae,Nychogomphus,Nychogomphus duaricus,"Fraser, 1924",20,XY,,,+,India,Tyagi 1977
140,94,Anisoptera,Gomphoidea,Gomphidae,Octogomphus,Octogomphus specularis,"Hagen, 1859",22,XO,,,–,USA,Cruden 1968
141,95,Anisoptera,Gomphoidea,Gomphidae,Onychogomphus,Onychogomphus forcipatus,"Linnaeus, 1758",24,XO,,,–,Finland,Oksala 1945
142,,Anisoptera,Gomphoidea,Gomphidae,Onychogomphus,Onychogomphus forcipatus,,20,XY,,,–,Austria,Kiauta 1969a
144,96,Anisoptera,Gomphoidea,Gomphidae,Onychogomphus,Onychogomphus saundersi,"Selys, 1854",20,XY,,,+,India,"Tyagi 1977 (O. s. duaricus Fraser, 1924)"
145,97,Anisoptera,Gomphoidea,Gomphidae,Ophiogomphus,Ophiogomphus bison,"Selys, 1873",22,XO,,,–,USA,Cruden 1968
146,,Anisoptera,Gomphoidea,Gomphidae,Ophiogomphus,Ophiogomphus bison,,24,XO,,,–,USA,Cruden 1968
147,98,Anisoptera,Gomphoidea,Gomphidae,Ophiogomphus,Ophiogomphus cecilia,"Fourcroy, 1785",22,XX*,,,–,Finland,Oksala 1945
148,,Anisoptera,Gomphoidea,Gomphidae,Ophiogomphus,Ophiogomphus cecilia,,22,XO,,,–,Russia,Perepelov et al. 1998
150,99,Anisoptera,Gomphoidea,Gomphidae,Ophiogomphus,Ophiogomphus colubrinus,"Selys, 1854",22,XO,,,–,USA,Cruden 1968
151,100,Anisoptera,Gomphoidea,Gomphidae,Ophiogomphus,Ophiogomphus obscurus,"Bartenev, 1909",22,XO,,,–,Russia,Perepelov and Bugrov 2001b
152,101,Anisoptera,Gomphoidea,Gomphidae,Ophiogomphus,Ophiogomphus occidentis,"Hagen, 1882",22,XO,,,–,USA,Cruden 1968
153,102,Anisoptera,Gomphoidea,Gomphidae,Ophiogomphus,Ophiogomphus rupinsulensis,"Walsh, 1862",22,XO,,,–,USA,Cruden 1968
154,103,Anisoptera,Gomphoidea,Gomphidae,Phanogomphus,Phanogomphus lividus,"Selys, 1854",22,XO,,,+,USA,"Cruden 1968 as Gomphus lividus Selys, 1854"
155,104,Anisoptera,Gomphoidea,Gomphidae,Phanogomphus,Phanogomphus militaris,"Hagen, 1858",22,XO,,,–,USA,"Cruden 1968 as Gomphus militaris Hagen, 1858"
156,105,Anisoptera,Gomphoidea,Gomphidae,Phanogomphus,Phanogomphus spicatus,"Selys, 1854",22,XO,,,+,USA,"Cruden 1968 as Gomphus spicatus Selys, 1854"
157,106,Anisoptera,Gomphoidea,Gomphidae,Paragomphus,Paragomphus lineatus,"Selys, 1850",22,XO,,,–,Nepal,"Kiauta 1974, 1975"
159,107,Anisoptera,Gomphoidea,Gomphidae,Paragomphus,Paragomphus capricornis,"Förster, 1914",22,XO,,,–,Thailand,Kiauta and Kiauta 1983
160,108,Anisoptera,Gomphoidea,Gomphidae,Phyllocycla,Phyllocycla propinqua,"Belle, 1972",20,XO,,,–,Argentina,De Gennaro 2004
161,109,Anisoptera,Gomphoidea,Gomphidae,Phyllocycla,Phyllocycla sp.,,22,XO,,,–,Bolivia,Cumming 1964
162,110,Anisoptera,Gomphoidea,Gomphidae,Phyllocycla,Phyllocycla sp. 1,,22,XO,,,+,Argentina,Mola 2007
164,112,Anisoptera,Gomphoidea,Gomphidae,Phyllogomphoides,Phyllogomphoides undulatus,"Needham, 1944",22,XO,,,+,Surinam,Kiauta 1979a
165,113,Anisoptera,Gomphoidea,Gomphidae,Progomphus,Progomphus borealis,"McLachlan, 1873",22,XO,,,–,USA,Cruden 1968
166,114,Anisoptera,Gomphoidea,Gomphidae,Progomphus,Progomphus intricatus,"Hagen, 1857",22,XO,,,–,Bolivia,Cumming 1964
167,115,Anisoptera,Gomphoidea,Gomphidae,Progomphus,Progomphus obscurus,"Rambur, 1842",22,XO,,,–,USA,Cruden 1968
168,116,Anisoptera,Gomphoidea,Gomphidae,Progomphus,Progomphus phyllochromus,"Ris, 1918",22,XO,,,+,Bolivia,Cumming 1964
169,117,Anisoptera,Gomphoidea,Gomphidae,Scalmogomphus,Scalmogomphus bistrigatus,"Hagen, 1854",22,XO,,,–,Nepal,"Kiauta 1974, 1975 as Onychogomphus bistrigatus (Hagen, 1854)"
170,118,Anisoptera,Gomphoidea,Gomphidae,Shaogomphus,Shaogomphus postocularis,"Selys, 1869",22,XO,,,+,Japan,"Omura 1957 as Gomphus postocularis Selys, 1869"
172,119,Anisoptera,Gomphoidea,Gomphidae,Sieboldius,Sieboldius albardae,"Selys, 1886",22,XO,,,+,Japan,Omura 1957
173,120,Anisoptera,Gomphoidea,Gomphidae,Stylogomphus,Stylogomphus suzukii,"Matsumura, 1926",22,XO,,,+,Japan,Oguma 1930
175,121,Anisoptera,Gomphoidea,Gomphidae,Stylurus,Stylurus flavipes,"Charpentier, 1825",22,XO,,,+,Russia,Perepelov and Bugrov 2001b
176,122,Anisoptera,Gomphoidea,Gomphidae,Stylurus,Stylurus plagiatus,"Selys, 1854",22,XO,,,+,USA,"Cruden 1968 as Gomphus plagiatus Selys, 1854"
177,123,Anisoptera,Gomphoidea,Gomphidae,Stylurus,Stylurus scudderi,"Selys, 1873",22,XO,,,–,USA,"Cruden 1968 as Gomphus scudderi Selys, 1873"
178,124,Anisoptera,Gomphoidea,Gomphidae,Stylurus,Stylurus townesi,"Gloyd, 1936",20,XY,,,–,USA,"Kiauta and Brink 1978 as Gomphus townesi Gloyd, 1936"
179,125,Anisoptera,Gomphoidea,Gomphidae,Temnogomphus,Temnogomphus bivittatus,"Selys, 1854",22,XO,,,+,Nepal,Kiauta 1975
180,126,Anisoptera,Gomphoidea,Gomphidae,Trigomphus,Trigomphus citimus,"Needham, 1931",20,XO,,,+,Japan,"Toyoshima and Hirai 1953 (T. c. tabei Asahina, 1949)"
182,127,Anisoptera,Gomphoidea,Gomphidae,Trigomphus,Trigomphus interruptus,"Selys, 1854",18,XO,,,+,Japan,Oguma 1930
186,128,Anisoptera,Gomphoidea,Gomphidae,Trigomphus,Trigomphus melampus,"Selys, 1869",20,XO,,,–,Japan,"Oguma 1930, 1942 as T. unifasciatus (Oguma 1926)"
187,129,Anisoptera,Gomphoidea,Gomphidae,Zonophora,Zonophora calippus,"Selys, 1869",22,XO,,,+,Surinam,Kiauta 1979a
188,130,Anisoptera,Libelluloidea,Macromiidae,Didymops ,Didymops transversa,"Say, 1839",24,XO,,,+,USA,Cruden 1968
189,131,Anisoptera,Libelluloidea,Macromiidae,Epophthalmia,Epophthalmia frontalis,"Selys, 1871",24,XO,,,+,India,"Dasgupta 1957 (E. f. frontalis (Selys, 1871))"
190,132,Anisoptera,Libelluloidea,Macromiidae,Macromia,Macromia daimoji,"Okumura, 1949",24,XO,,,–,Japan,Katatani 1987
191,133,Anisoptera,Libelluloidea,Macromiidae,Macromia,Macromia amphigenia,"Selys, 1871",24,XO,,,–,Russia,"Perepelov and Bugrov 2001b (M. a. fraenata Martin, 1906)"
192,134,Anisoptera,Libelluloidea,Macromiidae,Macromia,Macromia magnifica,"McLachlan, 1874",24,XO,,,+,USA,Cruden 1968
194,135,Anisoptera,Libelluloidea,Macromiidae,Macromia,Macromia moorei,"Selys, 1874",24,XO,,,+,Nepal,Kiauta 1977
196,136,Anisoptera,Libelluloidea,Corduliidae,Cordulia,Cordulia aenea,"Linnaeus, 1758",24,XO,,,–,Finland,Oksala 1939a
202,137,Anisoptera,Libelluloidea,Corduliidae,Cordulia,Cordulia shurtleffii,"Scudder, 1866",24,XO,,,+,USA,Cruden 1968
204,138,Anisoptera,Libelluloidea,Corduliidae,Dorocordulia,Dorocordulia libera,"Selys, 1871",10,XO,,,–,USA,Cruden 1968
205,,Anisoptera,Libelluloidea,Corduliidae,Dorocordulia,Dorocordulia libera,,12,XO,,,–,USA,Cruden 1968
206,,Anisoptera,Libelluloidea,Corduliidae,Dorocordulia,Dorocordulia libera,,12,XY,,,–,USA,Kiauta 1969a
208,139,Anisoptera,Libelluloidea,Corduliidae,Epicordulia,Epicordulia princeps,"Hagen, 1861",24,XO,,,+,USA,Hung 1971
209,140,Anisoptera,Libelluloidea,Corduliidae,Epitheca,Epitheca bimaculata,"Charpentier, 1825",24,XO,,,–,Russia,Perepelov 2003
211,141,Anisoptera,Libelluloidea,Corduliidae,Epitheca,Epitheca canis,"McLachlan, 1886",24,XO,,,+,USA,Cruden 1968
212,142,Anisoptera,Libelluloidea,Corduliidae,Epitheca,Epitheca cynosura,"Say, 1839",18,XO,,,–,USA,Cruden 1968
213,,Anisoptera,Libelluloidea,Corduliidae,Epitheca,Epitheca cynosura,,20,XO,,,–,USA,Cruden 1968
214,143,Anisoptera,Libelluloidea,Corduliidae,Epitheca,Epitheca petechialis,"Muttkowski, 1911",20,XO,,,–,USA,"Cumming 1964 as Tetragoneuria petechialis Muttkowski, 1911"
215,144,Anisoptera,Libelluloidea,Corduliidae,Epitheca,Epitheca semiaquea,"Burmeister, 1839",24,XO,,,–,USA,Cruden 1968
216,145,Anisoptera,Libelluloidea,Corduliidae,Epitheca,Epitheca spinigera,"Selys, 1871",24,XO,,,+,USA,Cruden 1968
217,,Anisoptera,Libelluloidea,Corduliidae,Epitheca,Epitheca spinigera,,26,XO,,,–,USA,"Hung 1971 as Tetragoneuria spinigera (Selys, 1871)"
218,146,Anisoptera,Libelluloidea,Corduliidae,Procordulia,Procordulia grayi,"Selys, 1871",24,XO,,,+,New Zealand,Jensen 1980
219,147,Anisoptera,Libelluloidea,Corduliidae,Procordulia,Procordulia smithii,"White, 1846",24,XO,,,+,New Zealand,Jensen 1980
220,148,Anisoptera,Libelluloidea,Corduliidae,Rialla,Rialla villosa,"Rambur, 1842",24,XO,,,+,Argentina,De Gennaro 2004
221,149,Anisoptera,Libelluloidea,Corduliidae,Somatochlora,Somatochlora alpestris,"Selys, 1840",24,XO,,,–,Switzerland,Kiauta and Kiauta 1980a
222,,Anisoptera,Libelluloidea,Corduliidae,Somatochlora,Somatochlora alpestris,,26,XO,,,+,Switzerland,Kiauta and Kiauta 1980a
223,150,Anisoptera,Libelluloidea,Corduliidae,Somatochlora,Somatochlora arctica,"Zetterstedt, 1840",24,XO,,,+,Russia,Perepelov 2003
224,151,Anisoptera,Libelluloidea,Corduliidae,Somatochlora,Somatochlora borisi,"Marinov, 2001",18,XO,,,–,Bulgaria,Grozeva and Marinov 2007
225,152,Anisoptera,Libelluloidea,Corduliidae,Somatochlora,Somatochlora flavomaculata,"Van der Linden, 1825",24,XO,,,–,Former USSR,Makalowskaja 1940
228,153,Anisoptera,Libelluloidea,Corduliidae,Somatochlora,Somatochlora graeseri,"Selys, 1887",24,XO,,,–,Russia,Perepelov et al. 2001
229,154,Anisoptera,Libelluloidea,Corduliidae,Somatochlora,Somatochlora meridionalis,"Nielsen, 1935",24,XO,,,–,Slovenia,Kiauta and Kiauta 1995
231,155,Anisoptera,Libelluloidea,Corduliidae,Somatochlora,Somatochlora metallica,"Van der Linden, 1825",24,XX*,,,–,Finland,Oksala 1945
232,,Anisoptera,Libelluloidea,Corduliidae,Somatochlora,Somatochlora metallica,,24,XO,,,–,Finland,Nokkala et al. 2002
235,156,Anisoptera,Libelluloidea,Corduliidae,Somatochlora,Somatochlora semicircularis,"Selys, 1871",24,XO,,,–,USA,Cruden 1968
236,157,Anisoptera,Libelluloidea,Corduliidae,Somatochlora,Somatochlora uchidai,"Fürster, 1909",24,XO,,,+,Japan,"Oguma 1915, 1930"
238,158,Anisoptera,Libelluloidea,Corduliidae,Somatochlora,Somatochlora viridiaenea,"Uhler, 1858",24,XO,,,–,Japan,"Oguma 1915, 1930"
240,159,Anisoptera,Libelluloidea,Libellulidae,Acisoma,Acisoma panorpoides,"Rambur, 1842",24,XO,,,+,"Bangladesh, India","Dasgupta 1957 (A. p. panorpoides Rambur, 1842)"
244,160,Anisoptera,Libelluloidea,Libellulidae,Aethriamanta,Aethriamanta brevipennis,"Rambur, 1842",24,XO,,,+,India,Dasgupta 1957
245,161,Anisoptera,Libelluloidea,Libellulidae,Anatya,Anatya guttata,"Erichson, 1848",24,XO,,,–,Surinam,Kiauta 1979a
246,162,Anisoptera,Libelluloidea,Libellulidae,Atoconeura,Atoconeura biordinata,"Karsch, 1899",20,XO,,,+,Sudan,Wasscher 1985
247,163,Anisoptera,Libelluloidea,Libellulidae,Brachydiplax,Brachydiplax chalybea,"Brauer, 1868",24,XO,,,+,India,Dasgupta 1957
251,164,Anisoptera,Libelluloidea,Libellulidae,Brachydiplax,Brachydiplax farinosa,"Krueger, 1902",24,XO,,,+,India,Dasgupta 1957
254,165,Anisoptera,Libelluloidea,Libellulidae,Brachydiplax,Brachydiplax sobrina,"Rambur, 1842",24,XO,,,+,India,Ray Chaudhuri and Dasgupta 1949
257,166,Anisoptera,Libelluloidea,Libellulidae,Brachymesia,Brachymesia furcata,"Hagen, 1861",24,XO,,,+,Surinam,Kiauta 1979a
261,167,Anisoptera,Libelluloidea,Libellulidae,Brachymesia,Brachymesia gravida,"Calvert, 1890",24,XO,,,+,USA,"Cruden 1968 as Cannacria gravida (Calvert, 1890)"
262,168,Anisoptera,Libelluloidea,Libellulidae,Brachymesia,Brachymesia herbida,"Gundlach, 1889",24,XO,,,+,Jamaica,"Cumming 1964 as Cannacria herbida (Gundlach, 1889)"
263,169,Anisoptera,Libelluloidea,Libellulidae,Brachythemis,Brachythemis contaminata,"Fabricius, 1793",24,XO,,,+,India,Asana and Makino 1935
270,170,Anisoptera,Libelluloidea,Libellulidae,Brachythemis,Brachythemis lacustris,"Kirby, 1899",24,XO,,,+,Sudan,Wasscher 1985
271,171,Anisoptera,Libelluloidea,Libellulidae,Bradinopyga,Bradinopyga cornuta,"Ris, 1911",24,XO,,,+,Republic of South Africa,Boyes et al. 1980
272,172,Anisoptera,Libelluloidea,Libellulidae,Bradinopyga,Bradinopyga geminata,"Rambur, 1842",24,XO,,,+,India,Dasgupta 1957
274,173,Anisoptera,Libelluloidea,Libellulidae,Brechmorhoga,Brechmorhoga mendax,"Hagen, 1861",24,XO,,,+,USA,Cruden 1968
276,174,Anisoptera,Libelluloidea,Libellulidae,Brechmorhoga,Brechmorhoga nubecula,"Rambur, 1842",24,XO,,,+,Bolivia,Cumming 1964
277,175,Anisoptera,Libelluloidea,Libellulidae,Brechmorhoga,Brechmorhoga pertinax,"Hagen, 1861",24,XO,,,–,Bolivia,"Cumming 1964 (B. p. peruviana Ris, 1913)"
278,176,Anisoptera,Libelluloidea,Libellulidae,Cannaphila,Cannaphila vibex,"Hagen, 1861",24,XO,,,+,Bolivia,Cumming 1964
279,177,Anisoptera,Libelluloidea,Libellulidae,Celithemis,Celithemis amanda,"Hagen, 1861",24,XO,,,+,USA,Kiauta and Brink 1978
280,178,Anisoptera,Libelluloidea,Libellulidae,Celithemis,Celithemis elisa,"Hagen, 1861",24,XO,,,+,USA,Cruden 1968
281,179,Anisoptera,Libelluloidea,Libellulidae,Celithemis,Celithemis fasciata,"Kirby, 1889",24,XO,,,+,USA,Cruden 1968
282,180,Anisoptera,Libelluloidea,Libellulidae,Celithemis,Celithemis ornata,"Rambur, 1842",24,XO,,,+,USA,Kiauta and Brink 1978
283,181,Anisoptera,Libelluloidea,Libellulidae,Crocothemis,Crocothemis erythraea,"Brulle, 1832",24,XO,,,+,India,Dasgupta 1957
289,182,Anisoptera,Libelluloidea,Libellulidae,Crocothemis,Crocothemis sanguinolenta,"Burmeister, 1839",24,XO,,,+,Kingdom of Eswatini (Former Swaziland),Boyes et al. 1980
290,183,Anisoptera,Libelluloidea,Libellulidae,Crocothemis,Crocothemis servilia,"Drury, 1773",24,XO,,,+,India,Asana and Makino 1935
302,,Anisoptera,Libelluloidea,Libellulidae,Crocothemis,Crocothemis servilia,,22,XY,,,+,Japan,"Omura 1955 (C. s. mariannae Kiauta, 983)"
306,184,Anisoptera,Libelluloidea,Libellulidae,Dasythemis,Dasythemis esmeralda,"Ris, 1910",24,XO,,,+,Bolivia,Cumming 1964
307,185,Anisoptera,Libelluloidea,Libellulidae,Dasythemis,Dasythemis mincki,"Karsch, 1890",24,XO,,,+,Brazil,Souza Bueno 1982
308,186,Anisoptera,Libelluloidea,Libellulidae,Dasythemis,Dasythemis venosa,"Burmeister, 1839",24,XO,,,+,Brazil,Kiauta and Boyes 1972
309,187,Anisoptera,Libelluloidea,Libellulidae,Diastatops,Diastatops intensa,"Montgomery, 1940",24,XO,,,+,Bolivia,Cumming 1964
310,188,Anisoptera,Libelluloidea,Libellulidae,Diastatops,Diastatops obscura,"Fabricius, 1775",24,XO,,,+,Bolivia,Cumming 1964
311,189,Anisoptera,Libelluloidea,Libellulidae,Diastatops,Diastatops pullata,"Burmeister, 1839",22,XO,,,+,Surinam,Kiauta 1979a
312,190,Anisoptera,Libelluloidea,Libellulidae,Diplacodes,Diplacodes bipunctata,"Brauer, 1865",24,XO,,,+,Australia,Kiauta 1969b
313,,Anisoptera,Libelluloidea,Libellulidae,Diplacodes,Diplacodes bipunctata,,28,XO,,,+,Australia,Kiauta 1969b
314,191,Anisoptera,Libelluloidea,Libellulidae,Diplacodes,Diplacodes haematodes,"Burmeister, 1839",24,XO,,,+,Australia,Kiauta 1969b
315,,Anisoptera,Libelluloidea,Libellulidae,Diplacodes,Diplacodes haematodes,,22,XO,,,–,Australia,Kiauta 1969b
316,192,Anisoptera,Libelluloidea,Libellulidae,Diplacodes,Diplacodes lefebvrii,"Rambur, 1842",24,XO,,,+,Madagascar,"Kiauta 1968c, 1969b"
317,193,Anisoptera,Libelluloidea,Libellulidae,Diplacodes,Diplacodes nebulosa,"Fabricius, 1793",24,XO,,,+,India,Dasgupta 1957
320,194,Anisoptera,Libelluloidea,Libellulidae,Diplacodes,Diplacodes trivialis,"Rambur, 1842",24,XO,,,+,India,Asana and Makino 1935
326,195,Anisoptera,Libelluloidea,Libellulidae,Dythemis,Dythemis fugax,"Hagen, 1861",24,XO,,,+,USA,Cruden 1968
327,196,Anisoptera,Libelluloidea,Libellulidae,Dythemis,Dythemis multipunctata,"Kirby, 1894",24,XO,,,+,Surinam,Kiauta 1979a
329,197,Anisoptera,Libelluloidea,Libellulidae,Dythemis,Dythemis rufinervis,"Burmeister, 1839",24,XO,,,+,Jamaica,Cumming 1964
330,198,Anisoptera,Libelluloidea,Libellulidae,Dythemis,Dythemis velox,"Hagen, 1861",24,XO,,,+,Bolivia,Cumming 1964
332,199,Anisoptera,Libelluloidea,Libellulidae,Elasmothemis,Elasmothemis cannacrioides,"Calvert, 1906",20,XO,,,–,Bolivia,"Cumming 1964 as Dythemis cannacrioides Calvert, 1906"
333,,Anisoptera,Libelluloidea,Libellulidae,Elasmothemis,Elasmothemis cannacrioides,,22,XO,,,+,Surinam,Kiauta 1979a as D. cannacrioides
335,200,Anisoptera,Libelluloidea,Libellulidae,Elasmothemis,Elasmothemis williamsoni,"Ris, 1919",20,XY,,,–,Surinam,"Kiauta 1979a as Dythemis williamsoni (Ris, 1919)"
336,,Anisoptera,Libelluloidea,Libellulidae,Elasmothemis,Elasmothemis williamsoni,,24,XO,,,–,Surinam,"Kiauta 1979a as Dythemis williamsoni (Ris, 1919)"
337,201,Anisoptera,Libelluloidea,Libellulidae,Erythemis,Erythemis attala,"Selys, 1857",24,XO,,,–,Bolivia,Cumming 1964
339,202,Anisoptera,Libelluloidea,Libellulidae,Erythemis,Erythemis collocata,"Hagen, 1861",24,XO,,,+,USA,Cruden 1968
340,203,Anisoptera,Libelluloidea,Libellulidae,Erythemis,Erythemis credula,"Hagen, 1861",24,XO,,,+,Surinam,Kiauta 1979a
341,204,Anisoptera,Libelluloidea,Libellulidae,Erythemis,Erythemis haematogastra,"Burmeister, 1839",24,XO,,,–,Surinam,Kiauta 1979a
342,205,Anisoptera,Libelluloidea,Libellulidae,Erythemis,Erythemis peruviana,"Rambur, 1842",24,XO,,,–,Surinam,Kiauta 1979a
343,206,Anisoptera,Libelluloidea,Libellulidae,Erythemis,Erythemis plebeja,"Burmeister, 1839",24,XO,,,–,Bolivia,Cumming 1964
344,207,Anisoptera,Libelluloidea,Libellulidae,Erythemis,Erythemis simplicicollis,"Say, 1839",24,XO,,,+,USA,Cruden 1968
345,208,Anisoptera,Libelluloidea,Libellulidae,Erythemis,Erythemis vesiculosa,"Fabricius, 1775",24,XO,,,–,Bolivia,"Cumming 1964 as Lepthemis vesiculosa (Fabricius, 1775)"
348,209,Anisoptera,Libelluloidea,Libellulidae,Erythrodiplax,Erythrodiplax anomala,"Brauer, 1865",24,XO,,,+,Brazil,Souza Bueno 1982
349,210,Anisoptera,Libelluloidea,Libellulidae,Erythrodiplax,Erythrodiplax atroterminata,"Ris, 1911",24,XO,,,+,Uruguay,Goni and Abenante 1982
351,211,Anisoptera,Libelluloidea,Libellulidae,Erythrodiplax,Erythrodiplax attenuata,"Kirby, 1889",24,XO,,,+,Surinam,Kiauta 1979a
353,212,Anisoptera,Libelluloidea,Libellulidae,Erythrodiplax,Erythrodiplax basalis,"Kirby, 1897",24,XO,,,–,Bolivia,Cumming 1964
356,213,Anisoptera,Libelluloidea,Libellulidae,Erythrodiplax,Erythrodiplax berenice,"Drury, 1770",24,XO,,,–,USA,Cruden 1968
357,,Anisoptera,Libelluloidea,Libellulidae,Erythrodiplax,Erythrodiplax berenice,,26,XO,,,+,USA,Hung 1971
359,214,Anisoptera,Libelluloidea,Libellulidae,Erythrodiplax,Erythrodiplax castanea,"Burmeister, 1839",24,XO,,,–,Bolivia,Cumming 1964
360,215,Anisoptera,Libelluloidea,Libellulidae,Erythrodiplax,Erythrodiplax chromoptera,"Borror, 1942",22,XO,,,+,Uruguay,Goni and Abenante 1982
361,216,Anisoptera,Libelluloidea,Libellulidae,Erythrodiplax,Erythrodiplax cleopatra,"Ris, 1911",24,XO,,,+,Peru,Kiauta and Boyes 1972
362,217,Anisoptera,Libelluloidea,Libellulidae,Erythrodiplax,Erythrodiplax connata,"Burmeister, 1839",24,XO,,,+,Chile,"Kiauta and Boyes 1972 (E. c. connata (Burmeister, 1839))"
364,218,Anisoptera,Libelluloidea,Libellulidae,Erythrodiplax,Erythrodiplax corallina,"Brauer, 1865",24,XO,,,+,Argentina,Mola 1996
365,219,Anisoptera,Libelluloidea,Libellulidae,Erythrodiplax,Erythrodiplax famula,"Erichson, 1848",24,XO,,,+,Brazil,Souza Bueno 1982
366,220,Anisoptera,Libelluloidea,Libellulidae,Erythrodiplax,Erythrodiplax fusca,"Rambur, 1842",24,XO,,,–,Bolivia,"Cumming 1964 as E. connata fusca (Rambur, 1842)"
372,221,Anisoptera,Libelluloidea,Libellulidae,Erythrodiplax,Erythrodiplax fervida,"Erichson, 1848",24,XO,,,+,Jamaica,Cumming 1964
373,222,Anisoptera,Libelluloidea,Libellulidae,Erythrodiplax,Erythrodiplax justiniana,"Selys, 1857",24,XO,,,+,Jamaica,Cumming 1964
374,223,Anisoptera,Libelluloidea,Libellulidae,Erythrodiplax,Erythrodiplax juliana,"Ris, 1911",24,XO,,,+,Brazil,Souza Bueno 1982
375,224,Anisoptera,Libelluloidea,Libellulidae,Erythrodiplax,Erythrodiplax latimaculata,"Ris, 1911",24,XO,,,+,Surinam,Kiauta 1979a
377,225,Anisoptera,Libelluloidea,Libellulidae,Erythrodiplax,Erythrodiplax lygaea,"Ris, 1911",24,XO,,,+,Argentina,Capitulo et al. 1991
379,226,Anisoptera,Libelluloidea,Libellulidae,Erythrodiplax,Erythrodiplax media,"Borror, 1942",20,XO,,,+,Bolivia,Cumming 1964
383,,Anisoptera,Libelluloidea,Libellulidae,Erythrodiplax,Erythrodiplax media,,20,XY,,,+,Argentina,Mola 1996
384,227,Anisoptera,Libelluloidea,Libellulidae,Erythrodiplax,Erythrodiplax melanorubra,"Borror, 1942",24,XO,,,+,Bolivia,Cumming 1964
388,228,Anisoptera,Libelluloidea,Libellulidae,Erythrodiplax,Erythrodiplax minuscula,"Rambur, 1842",24,XO,,,+,USA,Kiauta and Brink 1978
389,,Anisoptera,Libelluloidea,Libellulidae,Erythrodiplax,Erythrodiplax minuscula,,20,XY,,,+,Argentina,Mola and Agopian 1985
390,229,Anisoptera,Libelluloidea,Libellulidae,Erythrodiplax,Erythrodiplax nigricans,"Rambur, 1842",24,XO,,,+,Uruguay,Goni and Abenante 1982
394,230,Anisoptera,Libelluloidea,Libellulidae,Erythrodiplax,Erythrodiplax ochracea,"Burmeister, 1839",24,XO,,,+,Argentina,Mola 1996
395,231,Anisoptera,Libelluloidea,Libellulidae,Erythrodiplax,Erythrodiplax paraguayensis,"Foerster, 1904",22,XO,,,+,Bolivia,Cumming 1964
397,232,Anisoptera,Libelluloidea,Libellulidae,Erythrodiplax,Erythrodiplax umbrata,"Linnaeus, 1758",24,XO,,,+,Bolivia,Cumming 1964
402,233,Anisoptera,Libelluloidea,Libellulidae,Erythrodiplax,Erythrodiplax unimaculata,"DeGeer, 1773",24,XO,,,+,Bolivia,Cumming 1964
404,234,Anisoptera,Libelluloidea,Libellulidae,Hydrobasileus,Hydrobasileus croceus,"Brauer, 1867",24,XO,,,+,India,Prasad and Thomas 1992
405,235,Anisoptera,Libelluloidea,Libellulidae,Ladona,Ladona julia,"Uhler, 1857",24,XO,,,+,USA,Cruden 1968
406,236,Anisoptera,Libelluloidea,Libellulidae,Lathrecista,Lathrecista asiatica,"Fabricius, 1798",24,XO,,,+,India,Dasgupta 1957
408,237,Anisoptera,Libelluloidea,Libellulidae,Leucorrhinia,Leucorrhinia albifrons,"Burmeister, 1839",24,XO,,,+,Former USSR,Makalowskaja 1940
409,238,Anisoptera,Libelluloidea,Libellulidae,Leucorrhinia,Leucorrhinia dubia,"Van der Linden, 1825",24,XX*,,,–,Finland,"Oksala 1939a, 1945"
410,,Anisoptera,Libelluloidea,Libellulidae,Leucorrhinia,Leucorrhinia dubia,,24,XO,,,+,Russia,Kuznetsova et al. 2020b
411,239,Anisoptera,Libelluloidea,Libellulidae,Leucorrhinia,Leucorrhinia frigida,"Hagen, 1890",20,XO,,,–,USA,Cruden 1968
412,,Anisoptera,Libelluloidea,Libellulidae,Leucorrhinia,Leucorrhinia frigida,,22,XO,,,+,USA,Cruden 1968
413,240,Anisoptera,Libelluloidea,Libellulidae,Leucorrhinia,Leucorrhinia glacialis,"Hagen, 1890",24,XO,,,+,USA,Cruden 1968
414,241,Anisoptera,Libelluloidea,Libellulidae,Leucorrhinia,Leucorrhinia hudsonica,"Selys, 1850",24,XO,,,+,USA,Cruden 1968
416,242,Anisoptera,Libelluloidea,Libellulidae,Leucorrhinia,Leucorrhinia intacta,"Hagen, 1861",24,XO,,,+,USA,Cruden 1968
418,243,Anisoptera,Libelluloidea,Libellulidae,Leucorrhinia,Leucorrhinia pectoralis,"Charpentier, 1825",24,XX*,,,–,Finland,Oksala 1945
419,244,Anisoptera,Libelluloidea,Libellulidae,Leucorrhinia,Leucorrhinia proxima,"Calvert, 1890",24,XO,,,+,USA,Cruden 1968
420,245,Anisoptera,Libelluloidea,Libellulidae,Leucorrhinia,Leucorrhinia rubicunda,"Linnaeus, 1857",24,XO,,,–,Finland,Oksala 1939a
423,246,Anisoptera,Libelluloidea,Libellulidae,Libellula,Libellula angelina,"Selys, 1883",24,XO,,,+,Japan,"Oguma 1915, 1930"
425,247,Anisoptera,Libelluloidea,Libellulidae,Libellula,Libellula auripennis,"Burmeister, 1839",24,XO,,,+,USA,Kiauta and Brink 1978
426,248,Anisoptera,Libelluloidea,Libellulidae,Libellula,Libellula axilena,"Westwood, 1837",22,XO,,,–,USA,Cumming 1964
427,249,Anisoptera,Libelluloidea,Libellulidae,Libellula,Libellula basalis,"Say, 1840",24,XO,,,–,USA,Smith 1916
428,250,Anisoptera,Libelluloidea,Libellulidae,Libellula,Libellula composita,"Hagen, 1873",24,XO,,,+,USA,Cruden 1968
429,251,Anisoptera,Libelluloidea,Libellulidae,Libellula,Libellula croceipennis,"Selys, 1868",24,XO,,,+,USA,Cruden 1968
430,252,Anisoptera,Libelluloidea,Libellulidae,Libellula,Libellula cyanea,"Fabricius, 1775",24,XO,,,–,USA,Cruden 1968
431,253,Anisoptera,Libelluloidea,Libellulidae,Libellula,Libellula depressa,"Linnaeus, 1758",22,XO,,,–,Belgium,Carnoy 1885
433,,Anisoptera,Libelluloidea,Libellulidae,Libellula,Libellula depressa,,24,XO,,,+,Austria,"Kiauta 1968c, 1969b"
439,254,Anisoptera,Libelluloidea,Libellulidae,Libellula,Libellula flavida,"Rambur, 1842",24,XO,,,+,USA,Cruden 1968
440,255,Anisoptera,Libelluloidea,Libellulidae,Libellula,Libellula forensis,"Hagen, 1861",24,XO,,,+,USA,Cruden 1968
441,256,Anisoptera,Libelluloidea,Libellulidae,Libellula,Libellula fulva,"Muller, 1764",24,XO,,,+,Switzerland,Kiauta and Kiauta 1979
442,,Anisoptera,Libelluloidea,Libellulidae,Libellula,Libellula fulva,,26,XO,,,+,Croatia,"Francovič and Jurečic 1986, 1989"
443,257,Anisoptera,Libelluloidea,Libellulidae,Libellula,Libellula incesta,"Hagen, 1861",24,XO,,,–,USA,Cumming 1964
445,258,Anisoptera,Libelluloidea,Libellulidae,Libellula,Libellula luctuosa,"Burmeister, 1839",24,XO,,,–,USA,Smith 1916
446,259,Anisoptera,Libelluloidea,Libellulidae,Libellula,Libellula pulchella,"Drury, 1773",24,XO,,,+,USA,Cruden 1968
448,260,Anisoptera,Libelluloidea,Libellulidae,Libellula,Libellula quadrimaculata,"Linnaeus, 1758",24,XO,,,+,Japan,"Oguma 1915, 1930 (L. q. asahinai Schmidt, 1957)"
450,261,Anisoptera,Libelluloidea,Libellulidae,Libellula,Libellula saturata,"Uhler, 1857",24,XO,,,+,USA,Cruden 1968
451,262,Anisoptera,Libelluloidea,Libellulidae,Libellula,Libellula semifasciata,"Burmeister, 1839",24,XO,,,+,USA,Cruden 1968
452,263,Anisoptera,Libelluloidea,Libellulidae,Libellula,Libellula vibrans,"Fabricius, 1793",24,XO,,,+,USA,Cruden 1968
453,264,Anisoptera,Libelluloidea,Libellulidae,Lyriothemis,Lyriothemis pachygastra,"Selys, 1878",24,XO,,,–,Japan,Omura 1955
454,265,Anisoptera,Libelluloidea,Libellulidae,Macrothemis,Macrothemis declivata,"Calvert, 1909",22,XO,,,+,Brazil,Kiauta and Boyes 1972
455,266,Anisoptera,Libelluloidea,Libellulidae,Macrothemis,Macrothemis hemichlora,"Burmeister, 1839",4,XY,,,–,Bolivia,Cumming 1964
456,267,Anisoptera,Libelluloidea,Libellulidae,Macrothemis,Macrothemis imitans,"Karsch, 1890",24,XO,,,+,Brazil,"Kiauta and Boyes 1972 (M. i. imitans Karsch, 1890)"
457,268,Anisoptera,Libelluloidea,Libellulidae,Macrothemis,Macrothemis mortoni,"Ris, 1913",24,XO,,,+,Bolivia,Cumming 1964
458,269,Anisoptera,Libelluloidea,Libellulidae,Macrothemis,Macrothemis musiva,"Calvert, 1898",24,XO,,,+,Bolivia,Cumming 1964
459,270,Anisoptera,Libelluloidea,Libellulidae,Macrothemis,Macrothemis sp.,,24,XO,,,+,Argentina,Mola 2007
460,271,Anisoptera,Libelluloidea,Libellulidae,Miathyria,Miathyria artemis,"Selys, 1857",24,XO,,,+,Surinam,Kiauta 1979a
461,272,Anisoptera,Libelluloidea,Libellulidae,Miathyria,Miathyria marcella,"Selys, 1857",24,XO,,,+,Bolivia,Cumming 1964
462,273,Anisoptera,Libelluloidea,Libellulidae,Micrathyria,Micrathyria artemis,"Ris, 1911",24,XO,,,+,Brazil,Ferreira et al. 1979
464,274,Anisoptera,Libelluloidea,Libellulidae,Micrathyria,Micrathyria atra,"Martin, 1897",24,XO,,,+,Bolivia,Cumming 1964
465,275,Anisoptera,Libelluloidea,Libellulidae,Micrathyria,Micrathyria catenata,"Calvert, 1909",24,XO,,,+,Brazil,Souza Bueno 1982
467,276,Anisoptera,Libelluloidea,Libellulidae,Micrathyria,Micrathyria didyma,"Selys, 1857",24,XO,,,+,Jamaica,Cumming 1964
468,277,Anisoptera,Libelluloidea,Libellulidae,Micrathyria,Micrathyria eximia,"Kirby, 1897",24,XO,,,+,Surinam,Kiauta 1979a
469,278,Anisoptera,Libelluloidea,Libellulidae,Micrathyria,Micrathyria hagenii,"Kirby, 1890",24,XO,,,+,Jamaica,Cumming 1964
470,279,Anisoptera,Libelluloidea,Libellulidae,Micrathyria,Micrathyria hesperis,"Ris, 1911",24,XO,,,+,Surinam,Kiauta 1979a
473,280,Anisoptera,Libelluloidea,Libellulidae,Micrathyria,Micrathyria hypodidyma,Calvert 1906,22,XO,,,+,Brazil,Souza Bueno 1982
474,,Anisoptera,Libelluloidea,Libellulidae,Micrathyria,Micrathyria hypodidyma,,24,XO,,,+,Argentina,Agopian and Mola 1988
475,281,Anisoptera,Libelluloidea,Libellulidae,Micrathyria,Micrathyria iheringi,"Santos, 1946",22,XO,,,+,Bolivia,Cumming 1964
476,282,Anisoptera,Libelluloidea,Libellulidae,Micrathyria,Micrathyria laevigata,"Calvert, 1909",24,XO,,,+,Bolivia,Cumming 1964
478,283,Anisoptera,Libelluloidea,Libellulidae,Micrathyria,Micrathyria longifasciata,"Calvert, 1909",22,XY,,,–,Argentina,Agopian and Mola 1988
479,284,Anisoptera,Libelluloidea,Libellulidae,Micrathyria,Micrathyria ocellata,"Martin, 1897",24,XO,,,+,Bolivia,"Cumming 1964 (M. o. dentiens Calvert, 1909)"
480,285,Anisoptera,Libelluloidea,Libellulidae,Micrathyria,Micrathyria spuria,"Selys, 1900",24,XO,,,+,Bolivia,Cumming 1964
482,286,Anisoptera,Libelluloidea,Libellulidae,Micrathyria,Micrathyria stawiarskii,"Santos, 1953",24,XO,,,+,Brazil,Souza Bueno 1982
483,287,Anisoptera,Libelluloidea,Libellulidae,Micrathyria,Micrathyria ungulata,"Foerster, 1907",20,XXY,,,–,Argentina,Mola et al. 1999
484,288,Anisoptera,Libelluloidea,Libellulidae,Micrathyria,Micrathyria cf. eximia,"Kirby, 1879",20,XO,,,–,Bolivia,Cumming 1964
485,289,Anisoptera,Libelluloidea,Libellulidae,Micrathyria,Micrathyria sp. (ungulata-group),"Foerster, 1907",22,XO,,,–,Bolivia,Cumming 1964
486,290,Anisoptera,Libelluloidea,Libellulidae,Nannothemis,Nannothemis bella,"Uhler, 1857",24,XO,,,+,USA,Cruden 1968
487,291,Anisoptera,Libelluloidea,Libellulidae,Nesciothemis,Nesciothemis farinosa,"Foerster, 1898",24,XO,,,+,Kenya,Kiauta 1969c
489,292,Anisoptera,Libelluloidea,Libellulidae,Nesogonia,Nesogonia blackburni,"McLachlan, 1883",24,XO,,,+,Hawaii,Kiauta 1969d
490,293,Anisoptera,Libelluloidea,Libellulidae,Neurothemis,Neurothemis fulvia,"Drury, 1773",24,XO,,,+,Nepal,"Kiauta 1974, 1975"
491,294,Anisoptera,Libelluloidea,Libellulidae,Neurothemis,Neurothemis intermedia,"Rambur, 1842",24,XO,,,+,Nepal,"Kiauta 1974, 1975 (N. i. intermedia (Rambur, 1842))"
493,295,Anisoptera,Libelluloidea,Libellulidae,Neurothemis,Neurothemis terminata,"Ris, 1911",24,XO,,,+,Philippines,Kiauta and Kiauta 1980b
494,296,Anisoptera,Libelluloidea,Libellulidae,Neurothemis,Neurothemis tullia,"Drury, 1773",26,XY,,,+,India,Ray Chaudhuri and Dasgupta 1949
497,,Anisoptera,Libelluloidea,Libellulidae,Neurothemis,Neurothemis tullia,,24,XO,,,+,Thailand,Kiauta and Kiauta 1983
498,297,Anisoptera,Libelluloidea,Libellulidae,Oligoclada,Oligoclada amphinome,"Ris, 1919",24,XO,,,+,Surinam,Kiauta 1979a
499,298,Anisoptera,Libelluloidea,Libellulidae,Oligoclada,Oligoclada laetitia,"Ris, 1911",22,XO,,,+,Argentina,Mola and Agopian 1985
500,,Anisoptera,Libelluloidea,Libellulidae,Oligoclada,Oligoclada laetitia,,20,XO,,,–,Brazil,Souza Bueno 1982
501,299,Anisoptera,Libelluloidea,Libellulidae,Oligoclada,Oligoclada monosticha,"Borror, 1931",22,XO,,,+,Surinam,Kiauta 1979a
503,300,Anisoptera,Libelluloidea,Libellulidae,Oligoclada,Oligoclada pachystigma,"Karsch, 1890",22,XO,,,+,Brazil,Souza Bueno 1982
504,301,Anisoptera,Libelluloidea,Libellulidae,Orthemis,Orthemis aequilibris ,"Calvert, 1909",10,XY,,,–,Surinam,Kiauta 1979a
505,302,Anisoptera,Libelluloidea,Libellulidae,Orthemis,Orthemis ambinigra,"Calvert, 1909",10,XY,,,–,Argentina,Agopian and Mola 1984
506,303,Anisoptera,Libelluloidea,Libellulidae,Orthemis,Orthemis biolleyi,"Calvert, 1906",22,XO,,,+,Bolivia,Cumming 1964
507,304,Anisoptera,Libelluloidea,Libellulidae,Orthemis,Orthemis cultiformis,"Calvert, 1906",22,XO,,,+,Bolivia,Cumming 1964
510,305,Anisoptera,Libelluloidea,Libellulidae,Orthemis,Orthemis discolor,"Burmeister, 1839",22,XO,,,+,Argentina,Mola 2007
511,306,Anisoptera,Libelluloidea,Libellulidae,Orthemis,Orthemis ferruginea,"Fabricius, 1775",8,XY,,,–,Bolivia,Cumming 1964
512,,Anisoptera,Libelluloidea,Libellulidae,Orthemis,Orthemis ferruginea,,22,XO,,,–,USA,
517,,Anisoptera,Libelluloidea,Libellulidae,Orthemis,Orthemis ferruginea,,24,XO,,,+,Surinam,Kiauta 1979a
521,307,Anisoptera,Libelluloidea,Libellulidae,Orthemis,Orthemis levis,"Calvert, 1906",4,XY,,,–,Bolivia,Cumming 1964
522,,Anisoptera,Libelluloidea,Libellulidae,Orthemis,Orthemis levis,,6,XY,,,–,Bolivia,Cumming 1964
523,308,Anisoptera,Libelluloidea,Libellulidae,Orthemis,Orthemis nodiplaga,"Karsch, 1891",40,XO,,,–,Argentina,Agopian and Mola 1984
524,309,Anisoptera,Libelluloidea,Libellulidae,Orthetrum,Orthetrum abbotti,"Calvert, 1892",24,XO,,,+,Kingdom of Eswatini (Former Swaziland),Boyes et al. 1980
525,310,Anisoptera,Libelluloidea,Libellulidae,Orthetrum,Orthetrum albistylum,"Selys, 1848",24,XO,,,+,Italy,"Kiauta 1971a (O. a. albistylum (Selys, 1848))"
530,311,Anisoptera,Libelluloidea,Libellulidae,Orthetrum,Orthetrum azureum,"Rambur, 1842",24,XO,,,+,Madagascar,"Kiauta 1969b, c"
531,312,Anisoptera,Libelluloidea,Libellulidae,Orthetrum,Orthetrum brachiale,"Beauvois, 1805",20,XO,,,–,Kenya,"Kiauta 1969b, c"
532,,Anisoptera,Libelluloidea,Libellulidae,Orthetrum,Orthetrum brachiale,,24,XO,,,+,Burkina Faso (Former Voltiac Republic),"Kiauta and Ochssée 1979 (O. b. brachiale (Beauvois, 1805))"
533,313,Anisoptera,Libelluloidea,Libellulidae,Orthetrum,Orthetrum brunneum,"Fonscolombe, 1837",24,XO,,,+,Italy,Kiauta 1971a
535,314,Anisoptera,Libelluloidea,Libellulidae,Orthetrum,Orthetrum cancellatum,"Linnaeus, 1758",24,XO,,,+,Finland,Oksala 1939a
540,315,Anisoptera,Libelluloidea,Libellulidae,Orthetrum,Orthetrum chrysostigma,"Burmeister, 1839",24,XO,,,+,Burkina Faso (Former Voltiac Republic),Kiauta and Ochssée 1979
543,316,Anisoptera,Libelluloidea,Libellulidae,Orthetrum,Orthetrum coerulescens,"Fabricius, 1798",24,XO,,,+,Austria,Kiauta 1969c
544,,Anisoptera,Libelluloidea,Libellulidae,Orthetrum,Orthetrum coerulescens,,22,XO,,,–,Austria,Kiauta 1969c
546,,Anisoptera,Libelluloidea,Libellulidae,Orthetrum,Orthetrum coerulescens,,26,XO,,,+,Italy,Kiauta 1971a
547,317,Anisoptera,Libelluloidea,Libellulidae,Orthetrum,Orthetrum glaucum,"Brauer, 1865",24,XO,,,+,India,Dasgupta 1957
554,318,Anisoptera,Libelluloidea,Libellulidae,Orthetrum,Orthetrum guineense,"Ris, 1909",24,XO,,,+,Burkina Faso (Former Voltiac Republic),Kiauta and Ochssée 1979
555,319,Anisoptera,Libelluloidea,Libellulidae,Orthetrum,Orthetrum japonicum,"Uhler, 1858",24,XO,,,+,Japan,"Oguma 1917, 1930 (O. j. internum McLachlan, 1894)"
560,320,Anisoptera,Libelluloidea,Libellulidae,Orthetrum,Orthetrum julia,"Kirby, 1900",24,XO,,,+,Kingdom of Eswatini (Former Swaziland),"Boyes et al. 1980 (O. j. falsum (Longfeild, 1955))"
562,321,Anisoptera,Libelluloidea,Libellulidae,Orthetrum,Orthetrum iuzonicum,"Brauer, 1868",24,XO,,,+,Nepal,Kiauta 1975
566,322,Anisoptera,Libelluloidea,Libellulidae,Orthetrum,Orthetrum melania,"Selys, 1883",24,XO,,,+,Japan,Oguma 1917
569,323,Anisoptera,Libelluloidea,Libellulidae,Orthetrum,Orthetrum monardi,"Schmidt, 1951",24,XO,,,+,Burkina Faso (Former Voltiac Republic),Kiauta and Ochssée 1979
570,324,Anisoptera,Libelluloidea,Libellulidae,Orthetrum,Orthetrum poecilops,"Ris, 1916",24,XO,,,+,Japan,"Suzuki et al. 1991 (O. p. miyajimaensis Yuki et Doi, 1938)"
571,325,Anisoptera,Libelluloidea,Libellulidae,Orthetrum,Orthetrum pruinosum,"Burmeister, 1839",24,XO,,,+,India,"Dasgupta 1957 (O. p. neglectum (Rambur, 1842))"
579,326,Anisoptera,Libelluloidea,Libellulidae,Orthetrum,Orthetrum sabina,"Drury, 1773",24,XO,,,+,India,Asana and Makino 1935
587,327,Anisoptera,Libelluloidea,Libellulidae,Orthetrum,Orthetrum taeniolatum,"Schneider, 1845",24,XO,,,+,Greece,Kiauta 1972a
596,328,Anisoptera,Libelluloidea,Libellulidae,Orthetrum,Orthetrum testaceum,"Burmeister, 1839",24,XO,,,+,Nepal,Kiauta and Kiauta 1982
597,329,Anisoptera,Libelluloidea,Libellulidae,Orthetrum,Orthetrum triangulare,"Selys, 1878",24,XO,,,+,Japan,"Omura 1955 (O. t. melania (Selys, 1883))"
604,330,Anisoptera,Libelluloidea,Libellulidae,Pachydiplax,Pachydiplax longipennis,"Burmeister, 1839",24,XO,,,–,USA,Cumming 1964
607,331,Anisoptera,Libelluloidea,Libellulidae,Palpopleura,Palpopleura jucunda,"Rambur, 1842",24,XO,,,+,Kingdom of Eswatini (Former Swaziland),Boyes et al. 1980
608,332,Anisoptera,Libelluloidea,Libellulidae,Palpopleura,"Palpopleura lucia (Drury, 1773)",,24,XO,,,+,Burkina Faso (Former Voltiac Republic),"Kiauta and Ochssée 1979 (P. l. portia (Drury, 1773))"
610,333,Anisoptera,Libelluloidea,Libellulidae,Palpopleura,Palpopleura sexmaculata,"Fabricius, 1787",24,XO,,,+,Nepal,"Kiauta 1974, 1975"
612,334,Anisoptera,Libelluloidea,Libellulidae,Pantala,Pantala flavescens,"Fabricius, 1798",24,XO,,,+,India,Asana and Makino 1935
626,,Anisoptera,Libelluloidea,Libellulidae,Pantala,Pantala flavescens,,22,XO,,,+,India,Walia et al. 2011
627,335,Anisoptera,Libelluloidea,Libellulidae,Pantala,Pantala hymenaea,"Say, 1836",24,XO,,,+,Bolivia,Cumming 1964
629,336,Anisoptera,Libelluloidea,Libellulidae,Perithemis,Perithemis cornelia,"Ris, 1910",24,XO,,,–,Bolivia,Cumming 1964
630,337,Anisoptera,Libelluloidea,Libellulidae,Perithemis,Perithemis domitia,"Drury, 1773",24,XO,,,+,Jamaica,Cumming 1964
631,338,Anisoptera,Libelluloidea,Libellulidae,Perithemis,Perithemis electra,"Ris, 1928",24,XO,,,–,Bolivia,Cumming 1964
632,339,Anisoptera,Libelluloidea,Libellulidae,Perithemis,Perithemis icteroptera,"Selys in Sagra, 1857",24,XO,,,+,Argentina,Mola and Agopian 1985
633,340,Anisoptera,Libelluloidea,Libellulidae,Perithemis,Perithemis lais,"Petry, 1834",16,XO,,,–,Bolivia,Cumming 1964
636,341,Anisoptera,Libelluloidea,Libellulidae,Perithemis,Perithemis mooma,"Kirby, 1889",24,XO,,,+,Bolivia,Cumming 1964
640,342,Anisoptera,Libelluloidea,Libellulidae,Perithemis,Perithemis tenera,"Say, 1839",24,XO,,,+,USA,Kiauta and Brink 1978
641,343,Anisoptera,Libelluloidea,Libellulidae,Perithemis,Perithemis seminole,"Calvert, 1907",24,XO,,,+,USA,Cumming 1964
642,344,Anisoptera,Libelluloidea,Libellulidae,Perithemis,Perithemis sp.,,24,XO,,,–,Bolivia,Cumming 1964
643,345,Anisoptera,Libelluloidea,Libellulidae,Planiplax,Planiplax erythropyga,"Karsch, 1891",24,XO,,,+,Argentina,Mola et al. 1999
645,346,Anisoptera,Libelluloidea,Libellulidae,Planiplax,Planiplax sanguiniventris,"Calvert, 1907",24,XO,,,+,USA,Cruden 1968
646,347,Anisoptera,Libelluloidea,Libellulidae,Plathemis,Plathemis lydia,"Drury, 1773",24,XO,,,+,USA,McGill 1907
648,348,Anisoptera,Libelluloidea,Libellulidae,Potamarcha,Potamarcha congener,"Rambur, 1842",24,XO,,,+,India,"Asana and Makino 1935 as P. obscura (Rambur, 1842)"
655,349,Anisoptera,Libelluloidea,Libellulidae,Pseudothemis,Pseudothemis zonata,"Burmeister, 1839",22,XY,,,–,Japan,Omura 1955
656,350,Anisoptera,Libelluloidea,Libellulidae,Pseudotramea,Pseudotramea prateri,"Fraser, 1920",24,XO,,,+,Nepal,"Kiauta 1974, 1975"
657,351,Anisoptera,Libelluloidea,Libellulidae,Rhodopygia,Rhodopygia cardinalis,"Erichson, 1848",24,XO,,,+,Bolivia,Cumming 1964
658,352,Anisoptera,Libelluloidea,Libellulidae,Rhodopygia,Rhodopygia geijskesi,"Belle, 1964",24,XO,,,+,Surinam,Kiauta 1979a
659,353,Anisoptera,Libelluloidea,Libellulidae,Rhodothemis,Rhodothemis rufa,"Rambur, 1842",24,XO,,,+,India,Prasad and Thomas 1992
660,354,Anisoptera,Libelluloidea,Libellulidae,Rhyothemis,Rhyothemis fuliginosa,"Selys, 1883",24,XO,,,+,Japan,Toyoshima and Hirai 1953
664,,Anisoptera,Libelluloidea,Libellulidae,Rhyothemis,Rhyothemis fuliginosa,,22,XO,,,+,Japan,Kiauta 1969c
665,355,Anisoptera,Libelluloidea,Libellulidae,Rhyothemis,Rhyothemis variegata,"Linnaeus et Johansson, 1763",24,XO,,,+,India,Ray Chaudhuri and Dasgupta 1949
667,356,Anisoptera,Libelluloidea,Libellulidae,Scapanea,Scapanea frontalis,"Burmeister, 1839",24,XO,,,+,Jamaica,Cumming 1964
668,357,Anisoptera,Libelluloidea,Libellulidae,Sympetrum,Sympetrum commixtum,"Selys, 1884",24,XO,,,–,India,"Tyagi 1978a, b, 1982"
669,358,Anisoptera,Libelluloidea,Libellulidae,Sympetrum,Sympetrum corruptum,"Hagen, 1861",24,XO,,,+,USA,"Cruden 1968 as Tarnetrum corruptum (Hagen, 1861)"
671,359,Anisoptera,Libelluloidea,Libellulidae,Sympetrum,Sympetrum costiferum,"Hagen, 1861",24,XO,,,+,USA,Cruden 1968
672,360,Anisoptera,Libelluloidea,Libellulidae,Sympetrum,Sympetrum croceolum,"Selys, 1840",24,XO,,,+,Russia,Perepelov 2003
673,361,Anisoptera,Libelluloidea,Libellulidae,Sympetrum,Sympetrum danae,"Sulzer, 1776",24,XO,,,+,Former USSR,Makalowskaja 1940
678,362,Anisoptera,Libelluloidea,Libellulidae,Sympetrum,Sympetrum eroticum,"Selys, 1883",20,XO,,,–,Japan,"Kichijo 1942b, c"
681,363,Anisoptera,Libelluloidea,Libellulidae,Sympetrum,Sympetrum flaveolum,"Linnaeus, 1758",24,XO,,,+,Former USSR,Makalowskaja 1940
683,364,Anisoptera,Libelluloidea,Libellulidae,Sympetrum,Sympetrum fonscolombii,"Selys, 1840",24,XO,,,+,Russia,Perepelov 2003
684,365,Anisoptera,Libelluloidea,Libellulidae,Sympetrum,Sympetrum frequens,"Selys, 1883",22,XO,,,–,Japan,"Oguma 1917, 1930"
687,366,Anisoptera,Libelluloidea,Libellulidae,Sympetrum,Sympetrum infuscatum,"Selys, 1883",24,XO,,,+,Russia,Perepelov 2003
688,367,Anisoptera,Libelluloidea,Libellulidae,Sympetrum,Sympetrum internum,"Montgomery, 1943",26,XO,,,+,Canada,Kiauta 1973a
689,368,Anisoptera,Libelluloidea,Libellulidae,Sympetrum,Sympetrum madidum,"Hagen, 1861",24,XO,,,+,USA,Cruden 1968
691,369,Anisoptera,Libelluloidea,Libellulidae,Sympetrum,Sympetrum meridionale,"Selys, 1841",24,XO,,,+,Switzerland,Kiauta 1966
692,370,Anisoptera,Libelluloidea,Libellulidae,Sympetrum,Sympetrum obtrusum,"Hagen, 1867",24,XO,,,+,USA,Cruden 1968
693,371,Anisoptera,Libelluloidea,Libellulidae,Sympetrum,Sympetrum parvulum,"Bartenev, 1912",24,XO,,,+,Japan,Kiauta 1968c
694,372,Anisoptera,Libelluloidea,Libellulidae,Sympetrum,Sympetrum pedemontanum,"Müller in Allioni, 1766",24,XO,,,+,Japan,"Oguma 1917, 1930 (S. p. elatum (Selys, 1872))"
700,373,Anisoptera,Libelluloidea,Libellulidae,Sympetrum,Sympetrum rubicundulum,"Say, 1839",24,XO,,,+,USA,Cruden 1968
701,374,Anisoptera,Libelluloidea,Libellulidae,Sympetrum,Sympetrum sanguineum,"Müller, 1764",24,XO,,,+,Italy,Kiauta 1971a
703,375,Anisoptera,Libelluloidea,Libellulidae,Sympetrum,Sympetrum semicinctum,"Say, 1839",24,XO,,,+,USA,Smith 1916
705,376,Anisoptera,Libelluloidea,Libellulidae,Sympetrum,Sympetrum striolatum,"Charpentier, 1840",24,XO,,,–,Luxembourg,Kiauta 1966
706,377,Anisoptera,Libelluloidea,Libellulidae,Sympetrum,Sympetrum vicinum,"Hagen, 1861",24,XO,,,+,USA,Cruden 1968
707,378,Anisoptera,Libelluloidea,Libellulidae,Sympetrum,Sympetrum vulgatum,"Linnaeus, 1758",24,XO,,,+,Netherland,Kiauta 1972c
710,379,Anisoptera,Libelluloidea,Libellulidae,Tarnetrum,Tarnetrum illotum,"Hagen, 1861",24,XO,,,+,Jamaica,Cumming 1964
712,380,Anisoptera,Libelluloidea,Libellulidae,Tauriphila,Tauriphila australis,"Hagen, 1867",24,XO,,,+,Bolivia,Cumming 1964
713,381,Anisoptera,Libelluloidea,Libellulidae,Tauriphila,Tauriphila azteca,"Calvert, 1906",24,XO,,,+,Mexico,Cruden 1968
714,382,Anisoptera,Libelluloidea,Libellulidae,Tauriphila,Tauriphila risi,Martin 1896,24,XO,,,+,"Argentina, Uruguay",Mola and Agopian 1985
715,383,Anisoptera,Libelluloidea,Libellulidae,Tholymis,Tholymis citrina,"Hagen, 1867",24,XO,,,+,Surinam,Kiauta 1979a
717,384,Anisoptera,Libelluloidea,Libellulidae,Tholymis,Tholymis tillarga,"Fabricius, 1798",24,XO,,,+,India,Prasad and Thomas 1992
720,385,Anisoptera,Libelluloidea,Libellulidae,Tramea,Tramea abdominalis,"Rambur, 1842",24,XO,,,–,Bolivia,Cumming 1964
721,386,Anisoptera,Libelluloidea,Libellulidae,Tramea,Tramea basilaris,"Palisot de Beauvois, 1817",24,XO,,,+,India,"Das 1956 (T. b. burmeisteri (Kirby, 1889))"
725,387,Anisoptera,Libelluloidea,Libellulidae,Tramea,Tramea binotata,"Rambur, 1842",24,XO,,,+,Surinam,Kiauta 1979a
727,388,Anisoptera,Libelluloidea,Libellulidae,Tramea,Tramea carolina,"Linnaeus, 1763",24,XO,,,–,USA,Cumming 1964
729,389,Anisoptera,Libelluloidea,Libellulidae,Tramea,Tramea cophysa,"Hagen, 1867",24,XO,,,+,Bolivia,Cumming 1964
730,390,Anisoptera,Libelluloidea,Libellulidae,Tramea,Tramea lacerata,"Hagen, 1861",24,XO,,,–,USA,Cruden 1968
731,391,Anisoptera,Libelluloidea,Libellulidae,Tramea,Tramea limbata,"Desjardins, 1832",24,XO,,,+,India,Asana and Makino 1935
734,392,Anisoptera,Libelluloidea,Libellulidae,Tramea,Tramea virginia,"Rambur, 1842",24,XO,,,+,India,Oguma and Asana 1932
737,393,Anisoptera,Libelluloidea,Libellulidae,Trithemis,Trithemis annulata,"Palisot de Beauvois, 1805",24,XO,,,–,Republic of South Africa,Boyes et al. 1980
739,394,Anisoptera,Libelluloidea,Libellulidae,Trithemis,Trithemis arteriosa,"Burmeister, 1839",24,XO,,,+,Kingdom of Eswatini (Former Swaziland),Boyes et al. 1980
740,395,Anisoptera,Libelluloidea,Libellulidae,Trithemis,Trithemis atra,"Pinhey, 1961",24,XO,,,+,Burkina Faso (Former Voltiac Republic),Kiauta and Ochssée 1979
741,396,Anisoptera,Libelluloidea,Libellulidae,Trithemis,Trithemis aurora,"Burmeister, 1839",24,XO,,,+,India,Oguma and Asana 1932
744,397,Anisoptera,Libelluloidea,Libellulidae,Trithemis,Trithemis dorsalis,"Rambur, 1842",24,XO,,,+,Kingdom of Eswatini (Former Swaziland),Boyes et al. 1980
745,398,Anisoptera,Libelluloidea,Libellulidae,Trithemis,Trithemis festiva,"Rambur, 1842",24,XO,,,+,Nepal,"Kiauta 1974, 1975"
748,399,Anisoptera,Libelluloidea,Libellulidae,Trithemis,Trithemis furva,"Karsch, 1899",24,XO,,,+,Sudan,Wasscher 1985
749,400,Anisoptera,Libelluloidea,Libellulidae,Trithemis,Trithemis imitata,"Pinhey, 1961",24,XO,,,–,Burkina Faso (Former Voltiac Republic),Kiauta and Ochssée 1979
750,401,Anisoptera,Libelluloidea,Libellulidae,Trithemis,Trithemis kirbyi,"Selys, 1891",24,XO,,,–,Burkina Faso (Former Voltiac Republic),"Kiauta and Ochssée 1979 (T. k. ardens Gerstaecker, 1891)"
752,402,Anisoptera,Libelluloidea,Libellulidae,Trithemis,Trithemis pallidinervis,"Kirby, 1889",24,XO,,,+,India,Asana and Makino 1935
757,403,Anisoptera,Libelluloidea,Libellulidae,Trithemis,Trithemis werneri,"Ris, 1912",24,XO,,,+,Kenya,Wasscher 1985
758,404,Anisoptera,Libelluloidea,Libellulidae,Uracis,Uracis imbuta,"Burmeister, 1839",24,XO,,,+,Surinam,Kiauta 1979a
760,405,Anisoptera,Libelluloidea,Libellulidae,Uracis,Uracis ovipositrix,"Calvert, 1909",24,XO,,,+,Surinam,Kiauta 1979a
762,406,Anisoptera,Libelluloidea,Libellulidae,Urothemis,Urothemis edwardsi,"Selys, 1849",24,XO,,,+,Sudan,Wasscher 1985
763,407,Anisoptera,Libelluloidea,Libellulidae,Urothemis,Urothemis signata,"Rambur, 1842",24,XO,,,+,India,"Das 1956 (U. s. signata (Rambur, 1842))"
767,408,Anisoptera,Libelluloidea,Libellulidae,Zenithoptera,Zenithoptera fasciata,"Linnaeus, 1758",24,XO,,,+,Surinam,Kiauta 1979a
768,409,Anisoptera,Libelluloidea,Libellulidae,Zenithoptera,Zenithoptera lanei,"Santos, 1941",24,XO,,,+,Surinam,Kiauta 1979a
770,410,Anisoptera,Libelluloidea,Libellulidae,Zenithoptera,Zenithoptera viola,"Ris, 1910",24,XO,,,+,Bolivia,Cumming 1964
771,411,Anisoptera,Libelluloidea,Libellulidae,Zygonyx,Zygonyx iris,"Kirby, 1900",22,XO,,,+,Thailand,"Kiauta and Kiauta 1983 (Z. i. malayanus (Laidlaw, 1902))"
772,412,Anisoptera,Libelluloidea,Libellulidae,Zygonyx,Zygonyx torrida,"Kirby, 1889",24,XO,,,+,India,"Tyagi 1978a, b"
773,413,Anisoptera,Libelluloidea,Libellulidae,Zyxomma,Zyxomma petiolatum,"Rambur, 1842",24,XO,,,+,India,Prasad and Thomas 1992
774,414,Anisoptera,Cordulegastroidea,Chlorogomphidae,Watanabeopetalia,Watanabeopetalia atkinsoni,"Selys, 1878",24,XO,,,+,India,Walia and Chahal 2019
775,415,Anisoptera,Cordulegastroidea,Cordulegastridae,Anotogaster,Anotogaster basalis,"Selys, 1854",22,XO,,,–,India,Sandhu and Malhotra 1994b
776,416,Anisoptera,Cordulegastroidea,Cordulegastridae,Anotogaster,Anotogaster kuchenbeiseri,"Förster, 1899",24,XO,,,+,China,Zhu and Wu 1986
777,417,Anisoptera,Cordulegastroidea,Cordulegastridae,Anotogaster,Anotogaster sieboldii,"Selis, 1854",24,XO,,,+,Japan,Oguma 1930
781,418,Anisoptera,Cordulegastroidea,Cordulegastridae,Cordulegaster,Cordulegaster boltonii,"Donovan, 1807",24,XO,,,+,Finland,"Oksala 1939a, b"
784,419,Anisoptera,Cordulegastroidea,Cordulegastridae,Cordulegaster,Cordulegaster brevistigma,"Selys, 1854",24,XO,,,+,India,Walia and Chahal 2019
785,420,Anisoptera,Cordulegastroidea,Cordulegastridae,Cordulegaster,Cordulegaster diastatops,"Selys, 1854",24,XO,,,+,USA,Cruden 1968
786,421,Anisoptera,Cordulegastroidea,Cordulegastridae,Cordulegaster,Cordulegaster dorsalis,"Hagen, 1857",24,XO,,,+,USA,Cruden 1968
787,422,Anisoptera,Cordulegastroidea,Cordulegastridae,Cordulegaster,Cordulegaster maculata,"Selys, 1854",24,XO,,,+,USA,Cruden 1968
788,423,Anisoptera,Cordulegastroidea,Cordulegastridae,Neallogaster,Neallogaster hermionae,"Fraser, 1927",24,XO,,,+,Nepal,Kiauta and Kiauta 1976
789,424,Zygoptera,Lestoidea,Lestidae,Austrolestes,Austrolestes colensonis,"White, 1846",24,XO,,,+,New Zealand,Jensen 1980
790,425,Zygoptera,Lestoidea,Lestidae,Chalcolestes,Chalcolestes viridis,"Van der Linden, 1825",24,XO,,,+,Netherlands,Kiauta 1969a
791,426,Zygoptera,Lestoidea,Lestidae,Indolestes,Indolestes cyaneus,"Selys, 1862",24,XO,,,+,Nepal,"Kiauta and Kiauta 1976 as I. cyanea (Selys, 1862)"
792,427,Zygoptera,Lestoidea,Lestidae,Lestes,Lestes barbarus,"Fabricius, 1798",24,XO,,,+,Former Yugoslavia,Kiauta 1972a
793,428,Zygoptera,Lestoidea,Lestidae,Lestes,Lestes congener,"Hagen, 1861",24,XO,,,+,USA,Cruden 1968
794,429,Zygoptera,Lestoidea,Lestidae,Lestes,Lestes disjunctus,"Selys, 1862",24,XO,,,–,USA,Cruden 1968
795,430,Zygoptera,Lestoidea,Lestidae,Lestes,Lestes dorothea,"Fraser, 1924",24,XO,,,+,Nepal,"Kiauta 1974, 1975"
796,431,Zygoptera,Lestoidea,Lestidae,Lestes,Lestes dryas,"Kirby, 1890",24,XO,,,–,USA,Cruden 1968
798,432,Zygoptera,Lestoidea,Lestidae,Lestes,Lestes forcipatus,"Rambur, 1842",20,XO,,,–,USA,Cruden 1968
799,433,Zygoptera,Lestoidea,Lestidae,Lestes,Lestes forficula,"Rambur, 1842",24,XO,,,+,Jamaica,Cumming 1964
800,434,Zygoptera,Lestoidea,Lestidae,Lestes,Lestes paulistus,"Calvert, 1909",24,XO,,,+,Brazil,Souza Bueno 1982
801,435,Zygoptera,Lestoidea,Lestidae,Lestes,Lestes rectangularis,"Say, 1839",24,XO,,,+,USA,Cruden 1968
802,436,Zygoptera,Lestoidea,Lestidae,Lestes,Lestes simulatrix,"McLachlan, 1895",24,XO,,,+,Madagascar,Kiauta 1969b
803,437,Zygoptera,Lestoidea,Lestidae,Lestes,Lestes sponsa,"Hansemann, 1823",24,XO,,,–,Former USSR,Makalowskaja 1940
806,438,Zygoptera,Lestoidea,Lestidae,Lestes,Lestes stultus,"Hagen, 1861",24,XO,,,+,USA,Cruden 1968
807,439,Zygoptera,Lestoidea,Lestidae,Lestes,Lestes vidua,"Hagen, 1861",24,XO,,,+,USA,Cumming 1964
808,440,Zygoptera,Lestoidea,Lestidae,Lestes,Lestes vigilax,"Selys, 1862",18,XO,,,–,USA,Kiauta and Brink 1978
809,441,Zygoptera,Lestoidea,Lestidae,Lestes,Lestes virens,"Charpentier, 1825",24,XO,,,+,Netherlands,"Kiauta 1969a (L. v. vestalis Rambur, 1842)"
810,442,Zygoptera,Lestoidea,Lestidae,Sympecma,Sympecma fusca,"Van der Linden, 1823",24,XO,,,+,Japan,"Kichijo 1941, 1942d, e"
811,443,Zygoptera,Lestoidea,Lestidae,Sympecma,Sympecma paedisca,"Brauer, 1877",24,XO,,,+,Netherlands,"Kiauta and Kiauta-Brink 1975 (S. annulata braueri (Bianchi, 1904))"
813,444,Zygoptera,Lestoidea,Synlestidae,Megalestes,Megalestes major," Selys, 1862",24,XO,,,–,Nepal,"Kiauta 1974, 1975"
814,445,Zygoptera,Platystictoidea,Platystictidae,Drepanosticta,Drepanosticta sp.,,24,XO,,,–,Nepal,Kiauta and Kiauta 1976
815,446,Zygoptera,Platystictoidea,Platystictidae,Drepanosticta,Drepanosticta sp.,,24,XO,,,–,India,"Tyagi 1978a, b"
816,447,Zygoptera,Platystictoidea,Platystictidae,Palaemnema,Palaemnema paulina,"Drury, 1773",24,XO,,,+,Costa Rica,Cumming 1964
817,448,Zygoptera,Platystictoidea,Platystictidae,Protosticta,Protosticta sp.,,24,XO,,,–,Tailand,Kiauta and Kiauta 1983
818,449,Zygoptera,Calopterygoidea,Calopterygidae,Atrocalopteryx,Atrocalopteryx atrata,"Selys, 1853",24,XO,,,+,Japan,"Oguma 1930 as Calopteryx atrata Selys, 1853"
821,450,Zygoptera,Calopterygoidea,Calopterygidae,Calopteryx,Calopteryx aequabilis,"Say, 1839",24,XO,,,+,USA,Cruden 1968
822,451,Zygoptera,Calopterygoidea,Calopterygidae,Calopteryx,Calopteryx cornelia,"Selys, 1853",24,XO,,,+,Japan,"Oguma 1930 as Anaciagrion cornelia (Selys, 1853)"
824,452,Zygoptera,Calopterygoidea,Calopterygidae,Calopteryx,Calopteryx dimidiata,"Burmeister, 1839",24,XO,,,+,USA,Kiauta and Brink 1978
825,453,Zygoptera,Calopterygoidea,Calopterygidae,Calopteryx,Calopteryx japonica,"Selys, 1869",24,XO,,,+,Japan,Kichijo 1942a
829,454,Zygoptera,Calopterygoidea,Calopterygidae,Calopteryx,Calopteryx maculata,"Beauvois, 1805",24,XO,,,+,USA,Cumming 1964a
831,455,Zygoptera,Calopterygoidea,Calopterygidae,Calopteryx,Calopteryx splendens,"Harris, 1780",24,XO,,,+,Turkey,"Kiauta 1972a (C. s. amasina Bartenev, 1912)"
839,456,Zygoptera,Calopterygoidea,Calopterygidae,Calopteryx,Calopteryx virgo,"Linnaeus, 1758",24,XO,,,+,Spain,"Kiauta 1971b (C. v. meridionalis Selys, 1873)"
840,,Zygoptera,Calopterygoidea,Calopterygidae,Calopteryx,Calopteryx virgo,,26,XO,,,+,Spain,"Kiauta 1971b (C. v. meridionalis Selys, 1873)"
849,457,Zygoptera,Calopterygoidea,Calopterygidae,Hetaerina,Hetaerina americana,"Fabricius, 1798",24,XO,,,+,USA,Cumming 1964
851,458,Zygoptera,Calopterygoidea,Calopterygidae,Hetaerina,Hetaerina charca,"Calvert, 1909",24,XO,,,+,Bolivia,Cumming 1964
852,459,Zygoptera,Calopterygoidea,Calopterygidae,Hetaerina,Hetaerina longipes,"Hagen in Selys, 1853",24,XO,,,+,Brazil,"Souza Bueno 1982 as H. carnifex Hagen in Selys, 1853"
854,460,Zygoptera,Calopterygoidea,Calopterygidae,Hetaerina,Hetaerina rosea,"Selys, 1853",26,XO,,,+,Bolivia,Cumming 1964
856,,Zygoptera,Calopterygoidea,Calopterygidae,Hetaerina,Hetaerina rosea,,24,XO,,,–,Brazil,Ferreira et al. 1979
858,461,Zygoptera,Calopterygoidea,Calopterygidae,Hetaerina,Hetaerina sanguinea,"Selys, 1853",24,XO,,,–,Bolivia,Cumming 1964
859,462,Zygoptera,Calopterygoidea,Calopterygidae,Hetaerina,Hetaerina titia,"Drury, 1773",24,XO,,,+,USA,Cumming 1964
861,463,Zygoptera,Calopterygoidea,Calopterygidae,Hetaerina,Hetaerina vulnerata,"Selys, 1853",24,XO,,,+,Mexico,Kiauta 1970a
862,464,Zygoptera,Calopterygoidea,Calopterygidae,Matrona,Matrona basilaris,"Selys, 1853",24,XO,,,–,Taiwan,Kiauta 1968c
863,465,Zygoptera,Calopterygoidea,Calopterygidae,Mnais,Mnais costalis,"Selys, 1869",24,XO,,,+,Japan,Oguma 1930
865,466,Zygoptera,Calopterygoidea,Calopterygidae,Mnais,Mnais pruinosa,"Selys, 1853",24,XO,,,+,Japan,"Oguma 1930 as M. strigata Selys, 1853"
868,467,Zygoptera,Calopterygoidea,Calopterygidae,Neurobasis,Neurobasis chinensis,"Linnaeus, 1758",22,XO,,,–,Nepal,"Kiauta 1975 (N. c. chinensis (Linnaeus, 1758))"
869,,Zygoptera,Calopterygoidea,Calopterygidae,Neurobasis,Neurobasis chinensis,,24,XO,,,–,Nepal,"Kiauta 1975 (N. c. chinensis (Linnaeus, 1758))"
876,468,Zygoptera,Calopterygoidea,Calopterygidae,Phaon,Phaon iridipennis,"Burmeister, 1839",24,XO,,,+,Republic of South Africa,Boyes et al. 1980
877,469,Zygoptera,Calopterygoidea,Chlorocyphidae,Aristocypha,Aristocypha fenestrella ,"Rambur, 1842",22,XO,,,–,Thailand,"Kiauta and Kiauta 1983 as Rhinocypha fenestrella Rambur, 1842"
878,470,Zygoptera,Calopterygoidea,Chlorocyphidae,Aristocypha,Aristocypha quadrimaculata,"Selys, 1853",22,XO,,,+,India,"Chatterjee and Kiauta 1973 as Rhinocypha quadrimaculata Selys, 1853"
880,471,Zygoptera,Calopterygoidea,Chlorocyphidae,Aristocypha,Aristocypha trifasciata,"Selys, 1853",22,XO,,,–,India,"Tyagi 1978a, b as Rhinocypha trifasciata Selys, 1853"
882,472,Zygoptera,Calopterygoidea,Chlorocyphidae,Heliocypha,Heliocypha biforata,"Selys, 1859",22,XO,,,–,India,"Tyagi 1978a, b as Rhinocypha biforata beesoni Selys, 1859"
883,473,Zygoptera,Calopterygoidea,Chlorocyphidae,Heliocypha,Heliocypha biseriata,"Selys, 1859",22,XO,,,–,Thailand,"Kiauta and Kiauta 1983 as Rhinocypha b. biforata Selys, 1859"
884,474,Zygoptera,Calopterygoidea,Chlorocyphidae,Libellago,Libellago lineata,"Burmeister, 1839",22,XO,,,–,India,"Walia et al. 2018 (L. l. lineata (Burmeister, 1839))"
885,,Zygoptera,Calopterygoidea,Chlorocyphidae,Libellago,Libellago lineata,,24,XO,,,–,India,"Walia et al. 2018 (L. l. lineata (Burmeister, 1839))"
886,475,Zygoptera,Calopterygoidea,Chlorocyphidae,Paracypha,Paracypha unimaculata,"Selys, 1879",22,XO,,,+,Nepal,"Kiauta 1974, 1975 as Rhinocypha unimaculata Selys, 1879"
888,476,Zygoptera,Calopterygoidea,Chlorocyphidae,Rhinocypha,Rhinocypha colorata,"Selys, 1869",22,XO,,,–,Philippines,Kiauta and Kiauta 1980b
889,,Zygoptera,Calopterygoidea,Chlorocyphidae,Rhinocypha,Rhinocypha colorata,,24,XO,,,–,Philippines,Kiauta and Kiauta 1980b
890,477,Zygoptera,Calopterygoidea,Chlorocyphidae,Vestalis,Vestalis gracilis,"Rambur, 1842",24,XO,,,+,Thailand,Kiauta and Kiauta 1983
892,478,Zygoptera,Calopterygoidea,Polythoridae,Cora,Cora irene,"Ris, 1918",22,XO,,,–,Bolivia,Cumming 1964
893,479,Zygoptera,Calopterygoidea,Polythoridae,Polythore,Polythore boliviana,"McLachlan, 1878",22,XO,,,–,Bolivia,Cumming 1964
894,480,Zygoptera,Calopterygoidea,Euphaeidae,Anisopleura,Anisopleura comes,"Hagen, 1880",24,XO,,,+,Nepal,"Kiauta and Kiauta 1976, 1982"
895,481,Zygoptera,Calopterygoidea,Euphaeidae,Bayadera,Bayadera indica,"Selys, 1853",24,XO,,,+,Nepal,Chatterjee and Kiauta 1973
897,482,Zygoptera,Calopterygoidea,Euphaeidae,Euphaea,Euphaea guerini,"Rambur, 1842",24,XO,,,–,Thailand,Kiauta and Kiauta 1983
898,483,Zygoptera,Calopterygoidea,Euphaeidae,Epallage,Epallage fatime,"Charpentier, 1840",24,XO,,,–,Greece,Kiauta 1970b
900,484,Zygoptera,Calopterygoidea,Megapodagrionidae,Allopodagrion,Allopodagrion contortum,"Selys, 1862",24,XO,,,+,Brazil,"Kiauta 1972b as Megapodagrion contortum (Selys, 1862)"
901,485,Zygoptera,Calopterygoidea,Megapodagrionidae,Teinopodagrion,Teinopodagrion macropus,"Selys, 1862",24,XO,,,–,Bolivia,"Cumming 1964 as Megapodagrion macropus (Selys, 1862)"
902,486,Zygoptera,Calopterygoidea,Megapodagrionidae,Teinopodagrion,Teinopodagrion setigerum,"Selys, 1886",24,XO,,,–,Bolivia,"Cumming 1964 as Megapodagrion setigerum Selys, 1886"
903,487,Zygoptera,Calopterygoidea,Heteragrionidae,Heteragrion,Heteragrion flavidorsum,"Calvert, 1909",24,XO,,,–,Bolivia,Cumming 1964
904,488,Zygoptera,Calopterygoidea,Heteragrionidae,Heteragrion,Heteragrion inca,"Calvert, 1909",24,XO,,,+,Bolivia,Cumming 1964
905,489,Zygoptera,Calopterygoidea,Philogeniidae,Philogenia,Philogenia carrillica,"Calvert, 1907",24,XO,,,+,Costa Rica,Cumming 1964
906,490,Zygoptera,Calopterygoidea,Hypolestidae,Hypolestes,Hypolestes clara,"Calvert, 1891",16,XO,,,–,Jamaica,Cumming 1964
907,491,Zygoptera,Coenagrionoidea,Platycnemididae,Calicnemia,Calicnemia miniata,"Selys, 1886",24,XO,,,+,Nepal,Kiauta and Kiauta 1982
908,492,Zygoptera,Coenagrionoidea,Platycnemididae,Calicnemia,Calicnemia pulverulans,"Selys, 1886",24,XO,,,–,Nepal,Kiauta 1975
909,493,Zygoptera,Coenagrionoidea,Platycnemididae,Calicnemia,Calicnemia sp.,,24,XO,,,–,Nepal,Kiauta 1975
910,494,Zygoptera,Coenagrionoidea,Platycnemididae,Calicnemia,Calicnemia sp.,,24,XO,,,–,India,Tyagi 1978b
911,495,Zygoptera,Coenagrionoidea,Platycnemididae,Coeliccia,Coeliccia chromothorax,"Selys, 1891",24,XO,,,–,India,Walia and Devi 2020b
912,496,Zygoptera,Coenagrionoidea,Platycnemididae,Coeliccia,Coeliccia bimaculata,"Laidlaw, 1914",24,XO,,,–,India,Walia and Devi 2020b
913,497,Zygoptera,Coenagrionoidea,Platycnemididae,Coeliccia,Coeliccia didyma,"Selys, 1863",24,XO,,,–,India,Walia and Devi 2020b
914,498,Zygoptera,Coenagrionoidea,Platycnemididae,Coeliccia,Coeliccia fraseri,"Laidlaw, 1932",24,XO,,,–,India,Walia and Devi 2020b
915,499,Zygoptera,Coenagrionoidea,Platycnemididae,Coeliccia,Coeliccia renifera,"Selys, 1886",24,XO,,,–,Nepal,"Kiauta 1974, 1975"
917,500,Zygoptera,Coenagrionoidea,Platycnemididae,Copera,Copera annulata,"Selys, 1863",24,XO,,,+,Japan,"Kichijo 1941, 1942a, c"
921,501,Zygoptera,Coenagrionoidea,Platycnemididae,Copera,Copera marginipes,"Rambur, 1842",24,XO,,,–,India,"Tyagi 1978a, b"
924,502,Zygoptera,Coenagrionoidea,Platycnemididae,Copera,Copera vittata,"Selys, 1863",24,XO,,,+,India,Walia and Devi 2018
926,503,Zygoptera,Coenagrionoidea,Platycnemididae,Disparoneura,Disparoneura quadrimaculata,"Rambur, 1842",24,XO,,,–,India,Walia and Devi 2020a
927,504,Zygoptera,Coenagrionoidea,Platycnemididae,Esme,Esme cyaneovittata,"Fraser, 1922",24,XO,,,–,India,Walia and Devi 2020a
928,505,Zygoptera,Coenagrionoidea,Platycnemididae,Esme,Esme longistyla,"Fraser, 1931",24,XO,,,–,India,Walia and Devi 2020a
929,506,Zygoptera,Coenagrionoidea,Platycnemididae,Onychargia,Onychargia atrocyana,"Selys, 1865",24,XO,,,–,Thailand,Kiauta and Kiauta 1983
930,507,Zygoptera,Coenagrionoidea,Platycnemididae,Platycnemis,Platycnemis pennipes,"Pallas, 1771",24,XO,,,–,Finland,Oksala 1945
933,508,Zygoptera,Coenagrionoidea,Platycnemididae,Prodasineura,Prodasineura autumnalis,"Fraser, 1922",24,XO,,,+,Thailand,Kiauta and Kiauta 1983
934,509,Zygoptera,Coenagrionoidea,Platycnemididae,Prodasineura,Prodasineura nigra,"Fraser, 1922",24,XO,,,–,India,Walia and Devi 2020a
935,510,Zygoptera,Coenagrionoidea,Platycnemididae,Prodasineura,Prodasineura verticalis,"Selys, 1860",24,XO,,,–,India,Walia and Devi 2020a
936,511,Zygoptera,Coenagrionoidea,Platycnemididae,Prodasineura,Prodasineura sp.1,,24,XO,,,–,Thailand,Kiauta and Kiauta 1983
937,512,Zygoptera,Coenagrionoidea,Platycnemididae,Prodasineura,Prodasineura sp.2,,24,XO,,,–,Thailand,Kiauta and Kiauta 1983
938,513,Zygoptera,Coenagrionoidea,Coenagrionidae,Acanthagrion,Acanthagrion ascendens,"Calvert, 1909",26,XO,,,+,Bolivia,Cumming 1964
939,514,Zygoptera,Coenagrionoidea,Coenagrionidae,Acanthagrion,Acanthagrion chacoense,"Calvert, 1909",26,XO,,,+,Bolivia,Cumming 1964
940,515,Zygoptera,Coenagrionoidea,Coenagrionidae,Acanthagrion,Acanthagrion gracile,"Rambur, 1842",26,XO,,,–,Surinam,"Kiauta 1979a (A. g. minarum Selys, 1876)"
942,516,Zygoptera,Coenagrionoidea,Coenagrionidae,Aeolagrion,Aeolagrion inca,"Selys, 1876",26,XO,,,–,Bolivia,"Cumming 1964 as A. foliaceum (Sjöstedt, 1918)"
943,517,Zygoptera,Coenagrionoidea,Coenagrionidae,Agriocnemis,Agriocnemis clauseni,"Fraser, 1922",26,XO,,,+,India,"Tyagi 1978a, b"
944,518,Zygoptera,Coenagrionoidea,Coenagrionidae,Agriocnemis,Agriocnemis femina,"Brauer, 1868",26,XO,,,–,Philippines,Kiauta and Kiauta 1980b
946,519,Zygoptera,Coenagrionoidea,Coenagrionidae,Agriocnemis,Agriocnemis pygmaea,"Rambur, 1842",26,XO,,,–,India,Tyagi 1978b
948,520,Zygoptera,Coenagrionoidea,Coenagrionidae,Amphiagrion,Amphiagrion abbreviatum,"Selys, 1876",26,XO,,,–,USA,Cruden 1968
949,521,Zygoptera,Coenagrionoidea,Coenagrionidae,Amphiallagma,Amphiallagma parvum,"Selys, 1876",26,XO,,,+,India,"Handa and Kochhar 1985 as Enallagma parvum Selys, 1876"
950,522,Zygoptera,Coenagrionoidea,Coenagrionidae,Argia,Argia apicalis,"Say, 1839",36,XO,,,–,USA,Kiauta and Kiauta 1980b
951,523,Zygoptera,Coenagrionoidea,Coenagrionidae,Argia,Argia fumipennis,"Burmeister, 1839",26,XO,,,–,USA,"Kiauta and Kiauta 1980c (A. f. atra Gloyd, 1968)"
955,524,Zygoptera,Coenagrionoidea,Coenagrionidae,Argia,Argia funebris,"Hagen, 1861",26,XO,,,–,USA,Kiauta 1972b
956,,Zygoptera,Coenagrionoidea,Coenagrionidae,Argia,Argia funebris,,26,XX*,,,–,Mexico,Kiauta and Kiauta 1980c
957,525,Zygoptera,Coenagrionoidea,Coenagrionidae,Argia,Argia immunda,"Hagen, 1861",26,XO,,,–,USA,Kiauta and Kiauta 1980c
958,526,Zygoptera,Coenagrionoidea,Coenagrionidae,Argia,Argia moesta,"Hagen, 1861",24,XO,,,–,Canada,Kiauta 1978
960,527,Zygoptera,Coenagrionoidea,Coenagrionidae,Argia,Argia nahuana,"Calvert, 1902",24,XO,,,–,USA,Kiauta and Kiauta 1980c
961,528,Zygoptera,Coenagrionoidea,Coenagrionidae,Argia,Argia sedula,"Hagen, 1861",26,XO,,,–,USA,Cruden 1968
963,529,Zygoptera,Coenagrionoidea,Coenagrionidae,Argia,Argia tibialis,"Rambur, 1842",36,XO,,,–,USA,Kiauta and Kiauta 1980c
964,530,Zygoptera,Coenagrionoidea,Coenagrionidae,Argia,Argia translata ,"Hagen, 1865",24,XO,,,+,USA,Kiauta and Kiauta 1980c
965,531,Zygoptera,Coenagrionoidea,Coenagrionidae,Argia,Argia violacea,"Hagen, 1861",26,XO,,,–,USA,Cruden 1968
966,532,Zygoptera,Coenagrionoidea,Coenagrionidae,Argia,Argia vivida,"Hagen, 1861",26,XO,,,–,USA,Cruden 1968
967,533,Zygoptera,Coenagrionoidea,Coenagrionidae,Ceriagrion,Ceriagrion auranticum,"Fraser, 1922",26,XO,,,+,Thailand,"Kiauta and Kiauta 1983 as C. latericium Lieftinck, 1951"
968,534,Zygoptera,Coenagrionoidea,Coenagrionidae,Ceriagrion,Ceriagrion azureum,"Selys, 1891",26,XO,,,–,Nepal,"Kiauta 1974, 1975"
969,535,Zygoptera,Coenagrionoidea,Coenagrionidae,Ceriagrion,Ceriagrion cerinomelas,"Lieftinck, 1927",26,XO,,,–,Nepal,"Kiauta 1974, 1975"
970,536,Zygoptera,Coenagrionoidea,Coenagrionidae,Ceriagrion,Ceriagrion cerinorubellum,"Brauer, 1866",26,XO,,,+,India,Dasgupta 1957
972,537,Zygoptera,Coenagrionoidea,Coenagrionidae,Ceriagrion,Ceriagrion coromandelianum,"Fabricius, 1798",26,XO,,,+,India,Ray Chaudhuri and Dasgupta 1949
977,538,Zygoptera,Coenagrionoidea,Coenagrionidae,Ceriagrion,Ceriagrion fallax,"Ris, 1914",26,XO,,,+,Republic of South Africa,Dasgupta 1957
978,539,Zygoptera,Coenagrionoidea,Coenagrionidae,Ceriagrion,Ceriagrion glabrum,"Burmeister, 1839",26,XO,,,–,Kingdom of Eswatini (Former Swaziland),Boyes et al. 1980
979,540,Zygoptera,Coenagrionoidea,Coenagrionidae,Ceriagrion,Ceriagrion rubiae,"Laidlaw, 1916",26,XO,,,+,India,Asana and Makino 1935
982,541,Zygoptera,Coenagrionoidea,Coenagrionidae,Ceriagrion,Ceriagrion tenellum,"Villers, 1789",26,XO,,,+,Italy,"Kiauta 1971a (C. t. tenellum (Villers, 1789))"
983,542,Zygoptera,Coenagrionoidea,Coenagrionidae,Chromagrion,Chromagrion conditum,"Hagen, 1876",26,XO,,,–,USA,Cruden 1968
984,543,Zygoptera,Coenagrionoidea,Coenagrionidae,Coenagrion,Coenagrion armatum,"Charpentier, 1840",26,XO,,,–,Finland,Oksala 1939a
986,544,Zygoptera,Coenagrionoidea,Coenagrionidae,Coenagrion,Coenagrion hastulatum,"Charpentier, 1825",26,XO,,,–,Former USSR,Makalowskaja 1940
988,545,Zygoptera,Coenagrionoidea,Coenagrionidae,Coenagrion,Coenagrion hylas,"Trybom, 1889",26,XO,,,–,Austria,"Kiauta and Kiauta 1991 (C. h. freyi (Bilek, 1954))"
989,546,Zygoptera,Coenagrionoidea,Coenagrionidae,Coenagrion,Coenagrion lunulatum,"Charpentier, 1840",26,XO,,,+,Russia,Perepelov and Bugrov 2001b
990,547,Zygoptera,Coenagrionoidea,Coenagrionidae,Coenagrion,Coenagrion pulchellum,"Vander Linden, 1823",26,XO,,,–,Former USSR,Makalowskaja 1940
993,548,Zygoptera,Coenagrionoidea,Coenagrionidae,Coenagrion,Coenagrion puella,"Linnaeus, 1758",26,XO,,,+,Russia,Kuznetsova et al. 2020b
994,549,Zygoptera,Coenagrionoidea,Coenagrionidae,Coenagrion,Coenagrion resolutum,"Hagen, 1876",26,XO,,,–,USA,Cruden 1968
995,550,Zygoptera,Coenagrionoidea,Coenagrionidae,Coenagrion,Coenagrion sp.,,26,XO,,,+,Japan,"Kichijo 1941, 1942d, e"
996,551,Zygoptera,Coenagrionoidea,Coenagrionidae,Diceratobasis,Diceratobasis macrogaster,"Selys, 1875",26,XO,,,+,Jamaica,Cumming 1964
997,552,Zygoptera,Coenagrionoidea,Coenagrionidae,Enallagma,Enallagma aspersum,"Hagen, 1861",26,XO,,,–,USA,Cruden 1968
998,553,Zygoptera,Coenagrionoidea,Coenagrionidae,Enallagma,Enallagma boreale,"Selys, 1875",26,XO,,,–,USA,Cruden 1968
999,554,Zygoptera,Coenagrionoidea,Coenagrionidae,Enallagma,Enallagma carunculatum,"Morse, 1895",26,XO,,,–,USA,Cruden 1968
1000,555,Zygoptera,Coenagrionoidea,Coenagrionidae,Enallagma,Enallagma circulatum,"Selys, 1883",26,XO,,,+,Russia,Perepelov and Bugrov 2001b
1001,556,Zygoptera,Coenagrionoidea,Coenagrionidae,Enallagma,Enallagma civile,"Hagen, 1861",26,XO,,,–,USA,Cruden 1968
1002,557,Zygoptera,Coenagrionoidea,Coenagrionidae,Enallagma,Enallagma cyathigerum,"Charpentier, 1840",26,XO,,,–,Finland,"Oksala 1939a, 1945"
1006,,Zygoptera,Coenagrionoidea,Coenagrionidae,Enallagma,Enallagma cyathigerum,,28,XO,,,–,USA,Cruden 1969
1009,558,Zygoptera,Coenagrionoidea,Coenagrionidae,Enallagma,Enallagma ebrium,"Hagen, 1861",26,XO,,,–,USA,Cruden 1968
1010,559,Zygoptera,Coenagrionoidea,Coenagrionidae,Enallagma,Enallagma praevarum,"Hagen, 1861",26,XO,,,–,USA,Cruden 1968
1011,560,Zygoptera,Coenagrionoidea,Coenagrionidae,Erythromma,Erythromma lindenii,"Selys, 1840",26,XO,,,+,Italy,Kiauta 1971a
1012,561,Zygoptera,Coenagrionoidea,Coenagrionidae,Erythromma,Erythromma najas,"Hansemann, 1823",26,XO,,,–,Finland,Oksala 1939a
1017,562,Zygoptera,Coenagrionoidea,Coenagrionidae,Homeoura,Homeoura chelifera,"Selys, 1876",26,XO,,,+,Surinam,"Kiauta 1979a as Enallagma cheliferum (Selys, 1876)"
1019,563,Zygoptera,Coenagrionoidea,Coenagrionidae,Ischnura,Ischnura aurora,"Brauer, 1865",26,XO,,,–,Nepal,"Kiauta 1974, 1975"
1021,564,Zygoptera,Coenagrionoidea,Coenagrionidae,Ischnura,Ischnura capreola,"Hagen, 1861",26,XO,,,–,Bolivia,"Cumming 1964 as Ceratura capreola (Hagen, 1861)"
1022,565,Zygoptera,Coenagrionoidea,Coenagrionidae,Ischnura,Ischnura cervula,"Selys, 1876",26,XO,,,–,USA,Cruden 1968
1023,566,Zygoptera,Coenagrionoidea,Coenagrionidae,Ischnura,Ischnura denticollis,"Burmeister, 1839",26,XO,,,–,USA,Cruden 1968
1024,567,Zygoptera,Coenagrionoidea,Coenagrionidae,Ischnura,Ischnura elegans,"Van der Linden, 1823",26,XO,,,–,Finland,"Oksala 1939a, 1945"
1027,568,Zygoptera,Coenagrionoidea,Coenagrionidae,Ischnura,Ischnura fluviatilis,"Selys, 1876",26,XO,,,–,Bolivia,Cumming 1964
1028,569,Zygoptera,Coenagrionoidea,Coenagrionidae,Ischnura,Ischnura forcipata,"Morton, 1907",26,XO,,,–,Nepal,"Kiauta 1974, 1975"
1029,570,Zygoptera,Coenagrionoidea,Coenagrionidae,Ischnura,Ischnura nursei,"Morton, 1907",24,XO,,,+,India,"Tyagi 1978b as Rhodischnura nursei (Morton, 1907)"
1030,571,Zygoptera,Coenagrionoidea,Coenagrionidae,Ischnura,Ischnura pumilio,"Charpentier, 1825",26,XO,,,+,Netherlands,Kiauta 1979b
1031,572,Zygoptera,Coenagrionoidea,Coenagrionidae,Ischnura,Ischnura perparva,"Selys, 1876",26,XO,,,–,USA,Cruden 1968
1032,573,Zygoptera,Coenagrionoidea,Coenagrionidae,Ischnura,Ischnura ramburii,"Selys, 1850",26,XO,,,+,USA,Kiauta and Brink 1978
1033,574,Zygoptera,Coenagrionoidea,Coenagrionidae,Ischnura,Ischnura rufostigma,"Selys, 1876",26,XO,,,–,Nepal,"Kiauta 1974, 1975 (I. r. annandalei Laidlaw, 1919)"
1034,575,Zygoptera,Coenagrionoidea,Coenagrionidae,Ischnura,Ischnura senegalensis,"Rambur, 1842",26,XO,,,+,Japan,"Kichijo 1941, 1942d, e"
1040,576,Zygoptera,Coenagrionoidea,Coenagrionidae,Ischnura,Ischnura verticalis,"Say, 1839",26,XO,,,–,USA,Cruden 1968
1041,577,Zygoptera,Coenagrionoidea,Coenagrionidae,Ischnura,Ischnura ultima,"Ris, 1908",26,XO,,,–,Bolivia,Cumming 1964
1042,578,Zygoptera,Coenagrionoidea,Coenagrionidae,Leptagrion,Leptagrion macrurum,"Burmeister, 1839",28,XY,,,–,Brazil,"Kiauta 1971c, 1972d"
1043,579,Zygoptera,Coenagrionoidea,Coenagrionidae,Mecistogaster,Mecistogaster. sp. 1,,28,XO,,,+,Bolivia,Cumming 1964
1044,580,Zygoptera,Coenagrionoidea,Coenagrionidae,Mecistogaster,Mecistogaster sp. 2,,10,XY,,,–,Bolivia,Cumming 1964
1045,581,Zygoptera,Coenagrionoidea,Coenagrionidae,Megalagrion,Megalagrion oahuense,"Blackburn, 1884",26,XO,,,+,Hawaii,Kiauta 1969b
1046,582,Zygoptera,Coenagrionoidea,Coenagrionidae,Mortonagrion,Mortonagrion selenion,"Ris, 1916",26,XO,,,+,Japan,"Kichijo 1941, 1942a, d, e"
1047,583,Zygoptera,Coenagrionoidea,Coenagrionidae,Nehalennia,Nehalennia irene,"Hagen, 1861",26,XO,,,–,USA,Cruden 1968
1048,584,Zygoptera,Coenagrionoidea,Coenagrionidae,Nehalennia,Nehalennia speciosa,"Charpentier, 1840",26,XX*,,,–,Finland,Oksala 1945
1049,585,Zygoptera,Coenagrionoidea,Coenagrionidae,Oxyagrion,Oxyagrion hempeli,"Calvert, 1909",26,XO,,,–,Brazil,Souza Bueno 1982
1050,586,Zygoptera,Coenagrionoidea,Coenagrionidae,Oxyagrion,Oxyagrion terminale,"Selys, 1876",26,XO,,,–,Surinam,Kiauta 1979a
1052,587,Zygoptera,Coenagrionoidea,Coenagrionidae,Paracercion,Paracercion hieroglyphicum,"Brauer, 1865",26,XO,,,+,Japan,"Kichijo 1941, 1942d, e as Coenagrion hieroglyphicum (Brauer, 1865)"
1053,588,Zygoptera,Coenagrionoidea,Coenagrionidae,Paracercion,Paracercion malayanum,"Selys, 1876",26,XO,,,+,Nepal,"Kiauta 1974, 1975"
1054,589,Zygoptera,Coenagrionoidea,Coenagrionidae,Proischnura,Proischnura subfurcata,"Selys, 1876",26,XO,,,–,Kenya,"Wasscher 1985 as Enallagma subfurcatum Selys, 1876"
1055,590,Zygoptera,Coenagrionoidea,Coenagrionidae,Pseudagrion,Pseudagrion acaciae,"Förster, 1906",26,XO,,,+,Republic of South Africa,Boyes et al. 1980
1056,591,Zygoptera,Coenagrionoidea,Coenagrionidae,Pseudagrion,Pseudagrion australasiae,"Selys, 1876",26,XO,,,+,India,Dasgupta 1957
1057,592,Zygoptera,Coenagrionoidea,Coenagrionidae,Pseudagrion,Pseudagrion decorum,"Rambur, 1842",26,XO,,,+,India,Dasgupta 1957
1058,593,Zygoptera,Coenagrionoidea,Coenagrionidae,Pseudagrion,Pseudagrion kersteni,"Gerstaker, 1869",26,XO,,,–,Kingdom of Eswatini (Former Swaziland),Boyes et al. 1980
1059,594,Zygoptera,Coenagrionoidea,Coenagrionidae,Pseudagrion,Pseudagrion microcephalum,"Rambur, 1842",26,XO,,,+,India,Dasgupta 1957
1061,595,Zygoptera,Coenagrionoidea,Coenagrionidae,Pseudagrion,Pseudagrion pruinosum,"Burmeister, 1839",26,XO,,,+,Thailand,Kiauta and Kiauta 1983
1062,596,Zygoptera,Coenagrionoidea,Coenagrionidae,Pseudagrion,Pseudagrion rubriceps,"Selys, 1876",26,XO,,,+,India,Dasgupta 1957
1065,597,Zygoptera,Coenagrionoidea,Coenagrionidae,Pseudagrion,Pseudagrion salisburyense,"Ris, 1921",26,XO,,,+,Kingdom of Eswatini (Former Swaziland),Boyes et al. 1980
1066,598,Zygoptera,Coenagrionoidea,Coenagrionidae,Pseudagrion,Pseudagrion spencei,"Fraser, 1922",26,XO,,,+,India,Dasgupta 1957
1067,599,Zygoptera,Coenagrionoidea,Coenagrionidae,Pseudagrion,Pseudagrion whellani,"Pinhey, 1956",24,XO,,,+,Burkina Faso (Former Voltiac Republic),Kiauta and Ochssée 1979
1068,600,Zygoptera,Coenagrionoidea,Coenagrionidae,Pyrrhosoma,Pyrrhosoma nymphula,"Sutzer, 1776",26,XX*,,,–,Finland,Oksala 1945
1069,601,Zygoptera,Coenagrionoidea,Coenagrionidae,Telebasis,Telebasis carmesina,"Calvert, 1909",26,XO,,,–,Surinam,Kiauta 1979a
1071,602,Zygoptera,Coenagrionoidea,Coenagrionidae,Tigriagrion,Tigriagrion aurantinigrum,"Calvert, 1909",26,XO,,,–,Bolivia,Cumming 1964
1072,603,Zygoptera,Coenagrionoidea,Coenagrionidae,Xanthocnemis,Xanthocnemis zealandica,"McLachlan, 1873",26,XO,,,–,New Zealand,"Jensen 1980 as X. zelandica (McLachlan, 1873)"
1073,604,Zygoptera,Coenagrionoidea,Coenagrionidae,Zoniagrion,Zoniagrion exclamationis,"Selys, 1876",26,XO,,,–,USA,Cruden 1968
1074,605,Zygoptera,Coenagrionoidea,Protoneuridae,Caconeura,Caconeura autumnalis,"Fraser, 1922",24,XO,,,+,India,Tyagi 1978b
1075,606,Zygoptera,Coenagrionoidea,Protoneuridae,Epipleoneura,Epipleoneura sp.,,26,XO,,,–,Bolivia,Cumming 1964
1076,607,Zygoptera,Coenagrionoidea,Protoneuridae,Protoneura,Protoneura rubriventris,"Selys, 1860",26,XO,,,+,Bolivia,"Cumming 1964 as Neoneura rubriventris Selys, 1860"
,,Anisoptera,Aeshnoidea,Aeshnidae,Aeshna,Aeshna cf. unicolor,,26,XO,,,,,kiauta1972synopsis
,,Anisoptera,Aeshnoidea,Aeshnidae,Gynacantha,Gynacantha milliardi,,24,XO,,,,,"Walia, G.K., 2007. Cytomorbhological Studies on Gynacantha milliardi Fraser of the family Aeschnidae (Anisoptera: Odonata). Cytologia, 72(1), pp.57-62."
,,Anisoptera,Aeshnoidea,Aeshnidae,Gynacantha,Gynacantha milliardi,,26,XO,,,,,"Walia, G.K., 2007. Cytomorbhological Studies on Gynacantha milliardi Fraser of the family Aeschnidae (Anisoptera: Odonata). Cytologia, 72(1), pp.57-62."
,,Anisoptera,Aeshnoidea,Aeshnidae,Rhionaeschna,Rhionaeschna sp.,,24,XY,,,,,"Mola, L.M. and Papeschi, A.G., 1994. Karyotype evolution in Aeshna (Aeshnidae, Odonata). Hereditas, 121(2), pp.185-189."
,,Anisoptera,Aeshnoidea,Aeshnidae,Rhionaeschna,Rhionaeschna cornigera,,14,XY,,,,,"Mola, L.M. and Papeschi, A.G., 1994. Karyotype evolution in Aeshna (Aeshnidae, Odonata). Hereditas, 121(2), pp.185-189."
,,Anisoptera,Aeshnoidea,Aeshnidae ,Remartinia,Remartinia luteipennis ,,26,XO,,,,,"Ferreira, A., Kiauta, B. and Zaha, A., 1979. Male germ cell chromosomes of thirty-two Brazilian dragonflies. Odonatologica, 8(1), pp.5-22."
,,Zygoptera,Calopterygoidea,Calopterygidae,Mnais,Mnais strigata,,24,XO,,,,,kiauta1972synopsis
,,Zygoptera,Calopterygoidea,Chlorocyphidae,Rhinocypha,Rhinocypha unimaculata,,22,XO,,,,,"Kiauta, B. and Kiauta, M., 1982. The chromosome numbers of sixteen dragonfly species from the Arun Valley, Eastern Nepal. Notulae odonatologicae, 1(9), pp.143-145."
,,Zygoptera,Coenagrionoidea,Coenagrionidae,Ceratura,Ceratura capreola,,26,XO,,,,,kiauta1972synopsis
,,Zygoptera,Coenagrionoidea,Coenagrionidae,Coenagrion,Coenagrion sp.,,26,XO,,,,,kiauta1972synopsis
,,Zygoptera,Coenagrionoidea,Coenagrionidae,Enallagma,Enallagma cheliferum,,26,XO,,,,,"Ferreira, A., Kiauta, B. and Zaha, A., 1979. Male germ cell chromosomes of thirty-two Brazilian dragonflies. Odonatologica, 8(1), pp.5-22."
,,Zygoptera,Coenagrionoidea,Coenagrionidae,Ischnura,Ischnura cf. ultima,,26,XO,,,,,kiauta1972synopsis
,,Zygoptera,Coenagrionoidea,Coenagrionidae,Ischnura,Ischnura inarmata,,26,XO,,,,,"Sandhu, R. and Walia, G.K., 1997. Chromosome analysis of Ischnura inarmata (Coenagrionidae: Zygoptera: Odonata). CHROMOSOME SCIENCE, 1, pp.115-116."
,,Zygoptera,Coenagrionoidea,Coenagrionidae,Neogomphus,Neogomphus modestus,,22,XO,,,,,"Walia, G.K. and Chahal, S.S., 2014. Distribution of constitutive heterochromatin and nucleolar organizer regions in two species of family Gomphidae (Odonata: Anisoptera). The Nucleus, 57(3), pp.223-227."
,,Zygoptera,Coenagrionoidea,Coenagrionidae,Neoneura,Neoneura rubriventris,,26,XO,,,,,kiauta1972synopsis
,,Zygoptera,Coenagrionoidea,Coenagrionidae ,Paracercion,Paracercion calamorum,,26,XO,,,,,kiauta1972synopsis
,,Anisoptera,Libelluloidea,Corduliidae,Corduliochlora,Corduliochlora borisi,,18,XY,,,,,"Grozeva, S.M., 2007. Cytogenetic study of Somatochlora borisi Marinov, 2001 (Odonata: Corduliidae), and three relative species. Acta Zool Bulg, 59, pp.53-58."
,,Anisoptera,Libelluloidea,Corduliidae,Epitheca,Epitheca princeps,,24,XO,,,,,kiauta1972synopsis
,,Anisoptera,Gomphoidea,Gomphidae,Davidius,Davidius zallorensis,,22,XO,,,,,"Walia, G.K. and Sandhu, R., 1999. Karyological investigation on Davidius zallorensis zallorensis (Gomphidae: Anisoptera: Odonata). Chromosome science, 3(1), pp.43-44."
,,Anisoptera,Gomphoidea,Gomphidae,Gomphoides,Gomphoides sp.,,22,XO,,,,,kiauta1969sex
,,Anisoptera,Gomphoidea,Gomphidae,Onychogomphus,Onychogomphus saundersi dauricus,,21,XY,,,,,"Tyagi, B.K., 1977. A note on the karyotypes of Burmagomphus pyramidalis Laidlaw and Onychogomphus saundersi duaricus Fraser (Anisoptera: Gomphidae). Odonatologica, 6(4), pp.277-282."
,,Anisoptera,Gomphoidea,Gomphidae,Phyllocycla,Phyllocycla sp.,,22,XO,,,,,kiauta1969sex
,,Anisoptera,Gomphoidea,Gomphidae ,Erpetogomphus,Erpetogomphus eutainia,,22,XO,,,,,kiauta1969sex
,,Anisoptera,Gomphoidea,Gomphidae ,Gomphus,Gomphus graslinii,,22,XO,,,,,kiauta1969sex
,,Anisoptera,Gomphoidea,Gomphidae ,Ophiogomphus,Ophiogomphus serpentinus,,22,XO,,,,,kiauta1969sex
,,Anisoptera,Gomphoidea,Gomphidae ,Phanogomphus,Phanogomphus exilis,,22,XO,,,,,cruden1968chromosome
,,Anisoptera,Gomphoidea,Gomphidae ,Phanogomphus,Phanogomphus exilis,,21,XY,,,,,kiauta1969sex
,,Anisoptera,Gomphoidea,Gomphidae ,Phanogomphus,Phanogomphus kurilis,,22,XO,,,,,cruden1968chromosome
,,Anisoptera,Libelluloidea,Libellulidae,Cannacria,Cannacria elisa,,24,XO,,,,,kiauta1972synopsis
,,Anisoptera,Libelluloidea,Libellulidae,Cannacria,Cannacria fasciata,,24,XO,,,,,kiauta1972synopsis
,,Anisoptera,Libelluloidea,Libellulidae,Erythrodiplax,Erythrodiplax atroterminata,,12,XO,,,,,"Mola, L.M., 1996. Meiotic Studies in Nine Species of Erythrodiplax (Libellulidae, Odonata). Neo-XY sex chromosome system in E. media. Cytologia, 61(4), pp.349-357."
,,Anisoptera,Libelluloidea,Libellulidae,Erythrodiplax,Erythrodiplax media,,20,XY,,,,,"Mola, L.M., 1996. Meiotic Studies in Nine Species of Erythrodiplax (Libellulidae, Odonata). Neo-XY sex chromosome system in E. media. Cytologia, 61(4), pp.349-357."
,,Anisoptera,Libelluloidea,Libellulidae,Erythrodiplax,Erythrodiplax pallida,,24,XO,,,,,"Bueno, S., AM de. 1982. Estudos cromossomicos na ordem Odonata (Doctoral dissertation, M. Sc. thesis, Univ. Estad. Paulista, Rio Claro. vi+ 140 pp)."
,,Anisoptera,Libelluloidea,Libellulidae,Macrothemis,Macrothemis sp.,,24,XO,,,,,"MOLA, L.M., 2007. Cytogenetics of American odonata. Odonata: Biology of Dragonfies. Ed.: BK Tyagi. Scientific Publishers (India) pp, pp.153-173."
,,Anisoptera,Libelluloidea,Libellulidae,Micrathyria,Micrathyria cf. eximia,,20,XO,,,,,kiauta1972synopsis
,,Anisoptera,Libelluloidea,Libellulidae,Micrathyria,Micrathyria hypodidyma,,24,XO,,,,,"Agopian, S. and Mola, L.M., 1988. Intra and interspecific karyotype variability in five species of Libellulidae (Anisoptera, Odonata). Caryologia, 41(1), pp.69-78."
,,Anisoptera,Libelluloidea,Libellulidae,Micrathyria,Micrathyria sp.,,22,XO,,,,,kiauta1972synopsis
,,Anisoptera,Libelluloidea,Libellulidae,Orthetrum,Orthetrum iuzonicum,,22,XO,,,,,"Walia, G.K. and Sandhu, R., 2002. CHROMOSOMAL DATA ON SEVEN SPECIES OF GENUS ORTHETRUM (LIBELLULIDAE ANISOPTERA ODONATA). Bionature, pp.7-12."
,,Anisoptera,Libelluloidea,Libellulidae,Palpopleura,Palpopleura portia,,24,XO,,,,,"Kiauta, B. and von Ochss√©e, G.B., 1979. Some dragonfly karyotypes from the Voltaic Republic (Haute Volta), West Africa. Odonatologica, 8(1), pp.47-54."
,,Anisoptera,Libelluloidea,Libellulidae,Perithemis,Perithemis sp.,,24,XO,,,,,kiauta1972synopsis
,,Anisoptera,Libelluloidea,Libellulidae,Sympetrum,Sympetrum illotum,,24,XO,,,,,cruden1968chromosome
,,Anisoptera,Libelluloidea,Libellulidae,Trithemis,Trithemis grouti,,24,XO,,,,,"Kiauta, B. and von Ochss√©e, G.B., 1979. Some dragonfly karyotypes from the Voltaic Republic (Haute Volta), West Africa. Odonatologica, 8(1), pp.47-54."
,,Anisoptera,Petaluroidea,Petaluridae,Tanypteryx,Tanypteryx pryeri,,16,XO,,,,,kiauta1972synopsis
,,Zygoptera,Coenagrionoidea,Platycnemididae,Elattoneura,Elattoneura atkinsoni,,24,XO,,,,,"Sandhu, R. and Walia, G.K., 1995. Male germ cell chromosomes in Elattoneura atkinsoni (Sel.) from Assam, India (Zygoptera: Protoneuridae). Notulae odonatologicae, 4(5), pp.91-92."
,,Zygoptera,Coenagrionoidea,Platycnemididae ,Igneocnemis,Igneocnemis incisa,,24,XO,,,,,"Kiauta, B. and Kiauta, M.A.J.E., 1981. The karyotype of Risiocnemis incisa Kimmins, 1936 from Luzon, The Philippines (Zygoptera: Platycnemididae). Odonatologica, 10(2), pp.151-154."
,,Zygoptera,Coenagrionoidea,Platycnemididae ,Pseudocopera,Pseudocopera annulata,,24,XO,,,,,kiauta1972synopsis
,,Zygoptera,Coenagrionoidea,Protoneuridae,Epipleoneura,Epipleoneura sp.,,26,XO,,,,,kiauta1972synopsis
,,Zygoptera,Coenagrionoidea,Pseudostigmatidae,Mecistogaster,Mecistogaster sp. 1,,28,XO,,,,,kiauta1972synopsis
,,Zygoptera,Coenagrionoidea,Pseudostigmatidae,Mecistogaster,Mecistogaster sp. 2,,10,XY,,,,,kiauta1972synopsis
